task,method,amplitude,accepted_branches,attempts,windows,zero_scale,full_scale,mean_scale,mean_executed_pulse_rms,near_identity_pulses
button-press-v3,SCANA-R,0.1,240,240,951,0,240,1.0,0.09073557927428431,0
button-press-v3,Gaussian recovery,0.1,240,240,951,0,240,1.0,0.09761244327140348,0
door-open-v3,SCANA-R,0.1,240,240,951,0,240,1.0,0.09357872823408492,0
door-open-v3,Gaussian recovery,0.1,240,240,951,0,240,1.0,0.09446899450073637,0
drawer-open-v3,SCANA-R,0.1,240,240,951,0,240,1.0,0.09430180798905588,0
drawer-open-v3,Gaussian recovery,0.1,240,240,951,0,240,1.0,0.09889995679259299,0
pick-place-v3,SCANA-R,0.1,240,241,951,0,239,0.9979166666666667,0.09806538772148388,0
pick-place-v3,Gaussian recovery,0.1,240,245,951,0,235,0.9895833333333334,0.098447276915734,0
push-v3,SCANA-R,0.25,240,251,951,0,232,0.9802083333333333,0.23568752510473132,0
push-v3,Gaussian recovery,0.25,240,252,951,0,230,0.9770833333333333,0.2421715603986134,0
reach-v3,SCANA-R,0.1,240,339,951,21,191,0.8458333333333333,0.08408692241646347,21
reach-v3,Gaussian recovery,0.1,240,388,951,27,163,0.765625,0.07654019244946536,27
