task,seed,method,layout,success,max_reward,checkpoint_sha256
transfer_cube,7,Clean repeat,61040,1,4.0,6b18e3d676432a7f8859911a52d8a328b30103f400cf8c0cfbaea90c1052a8e2
transfer_cube,7,Clean repeat,61041,0,2.0,6b18e3d676432a7f8859911a52d8a328b30103f400cf8c0cfbaea90c1052a8e2
transfer_cube,7,Clean repeat,61042,0,2.0,6b18e3d676432a7f8859911a52d8a328b30103f400cf8c0cfbaea90c1052a8e2
transfer_cube,7,Clean repeat,61043,0,2.0,6b18e3d676432a7f8859911a52d8a328b30103f400cf8c0cfbaea90c1052a8e2
transfer_cube,7,Clean repeat,61044,0,1.0,6b18e3d676432a7f8859911a52d8a328b30103f400cf8c0cfbaea90c1052a8e2
transfer_cube,7,Clean repeat,61045,0,2.0,6b18e3d676432a7f8859911a52d8a328b30103f400cf8c0cfbaea90c1052a8e2
transfer_cube,7,Clean repeat,61046,1,4.0,6b18e3d676432a7f8859911a52d8a328b30103f400cf8c0cfbaea90c1052a8e2
transfer_cube,7,Clean repeat,61047,1,4.0,6b18e3d676432a7f8859911a52d8a328b30103f400cf8c0cfbaea90c1052a8e2
transfer_cube,7,Clean repeat,61048,1,4.0,6b18e3d676432a7f8859911a52d8a328b30103f400cf8c0cfbaea90c1052a8e2
transfer_cube,7,Clean repeat,61049,0,2.0,6b18e3d676432a7f8859911a52d8a328b30103f400cf8c0cfbaea90c1052a8e2
transfer_cube,7,calibrated_0.030,61040,1,4.0,75e203ce75e689d3ebafd0b45d33570755c5ee40690f52fb2deecf847101aaaa
transfer_cube,7,calibrated_0.030,61041,1,4.0,75e203ce75e689d3ebafd0b45d33570755c5ee40690f52fb2deecf847101aaaa
transfer_cube,7,calibrated_0.030,61042,1,4.0,75e203ce75e689d3ebafd0b45d33570755c5ee40690f52fb2deecf847101aaaa
transfer_cube,7,calibrated_0.030,61043,1,4.0,75e203ce75e689d3ebafd0b45d33570755c5ee40690f52fb2deecf847101aaaa
transfer_cube,7,calibrated_0.030,61044,1,4.0,75e203ce75e689d3ebafd0b45d33570755c5ee40690f52fb2deecf847101aaaa
transfer_cube,7,calibrated_0.030,61045,1,4.0,75e203ce75e689d3ebafd0b45d33570755c5ee40690f52fb2deecf847101aaaa
transfer_cube,7,calibrated_0.030,61046,1,4.0,75e203ce75e689d3ebafd0b45d33570755c5ee40690f52fb2deecf847101aaaa
transfer_cube,7,calibrated_0.030,61047,1,4.0,75e203ce75e689d3ebafd0b45d33570755c5ee40690f52fb2deecf847101aaaa
transfer_cube,7,calibrated_0.030,61048,1,4.0,75e203ce75e689d3ebafd0b45d33570755c5ee40690f52fb2deecf847101aaaa
transfer_cube,7,calibrated_0.030,61049,1,4.0,75e203ce75e689d3ebafd0b45d33570755c5ee40690f52fb2deecf847101aaaa
transfer_cube,7,calibrated_0.080,61040,1,4.0,8fbaafa5337b7dc01f6a03c8a0feba5b50602d40f7b409723cbd909631f6c565
transfer_cube,7,calibrated_0.080,61041,1,4.0,8fbaafa5337b7dc01f6a03c8a0feba5b50602d40f7b409723cbd909631f6c565
transfer_cube,7,calibrated_0.080,61042,1,4.0,8fbaafa5337b7dc01f6a03c8a0feba5b50602d40f7b409723cbd909631f6c565
transfer_cube,7,calibrated_0.080,61043,1,4.0,8fbaafa5337b7dc01f6a03c8a0feba5b50602d40f7b409723cbd909631f6c565
transfer_cube,7,calibrated_0.080,61044,1,4.0,8fbaafa5337b7dc01f6a03c8a0feba5b50602d40f7b409723cbd909631f6c565
transfer_cube,7,calibrated_0.080,61045,1,4.0,8fbaafa5337b7dc01f6a03c8a0feba5b50602d40f7b409723cbd909631f6c565
transfer_cube,7,calibrated_0.080,61046,1,4.0,8fbaafa5337b7dc01f6a03c8a0feba5b50602d40f7b409723cbd909631f6c565
transfer_cube,7,calibrated_0.080,61047,1,4.0,8fbaafa5337b7dc01f6a03c8a0feba5b50602d40f7b409723cbd909631f6c565
transfer_cube,7,calibrated_0.080,61048,1,4.0,8fbaafa5337b7dc01f6a03c8a0feba5b50602d40f7b409723cbd909631f6c565
transfer_cube,7,calibrated_0.080,61049,1,4.0,8fbaafa5337b7dc01f6a03c8a0feba5b50602d40f7b409723cbd909631f6c565
transfer_cube,7,gaussian_0.030,61040,1,4.0,29d61090c0d0fbb0f550341080b03b1e41d69086231e79f78988eb8d2e5ac6b2
transfer_cube,7,gaussian_0.030,61041,1,4.0,29d61090c0d0fbb0f550341080b03b1e41d69086231e79f78988eb8d2e5ac6b2
transfer_cube,7,gaussian_0.030,61042,1,4.0,29d61090c0d0fbb0f550341080b03b1e41d69086231e79f78988eb8d2e5ac6b2
transfer_cube,7,gaussian_0.030,61043,1,4.0,29d61090c0d0fbb0f550341080b03b1e41d69086231e79f78988eb8d2e5ac6b2
transfer_cube,7,gaussian_0.030,61044,1,4.0,29d61090c0d0fbb0f550341080b03b1e41d69086231e79f78988eb8d2e5ac6b2
transfer_cube,7,gaussian_0.030,61045,1,4.0,29d61090c0d0fbb0f550341080b03b1e41d69086231e79f78988eb8d2e5ac6b2
transfer_cube,7,gaussian_0.030,61046,1,4.0,29d61090c0d0fbb0f550341080b03b1e41d69086231e79f78988eb8d2e5ac6b2
transfer_cube,7,gaussian_0.030,61047,1,4.0,29d61090c0d0fbb0f550341080b03b1e41d69086231e79f78988eb8d2e5ac6b2
transfer_cube,7,gaussian_0.030,61048,1,4.0,29d61090c0d0fbb0f550341080b03b1e41d69086231e79f78988eb8d2e5ac6b2
transfer_cube,7,gaussian_0.030,61049,1,4.0,29d61090c0d0fbb0f550341080b03b1e41d69086231e79f78988eb8d2e5ac6b2
transfer_cube,7,gaussian_0.080,61040,1,4.0,fcc78ff263a648170c43ae20de7b41409339f35a6a1f80b555e8456d73c48abc
transfer_cube,7,gaussian_0.080,61041,1,4.0,fcc78ff263a648170c43ae20de7b41409339f35a6a1f80b555e8456d73c48abc
transfer_cube,7,gaussian_0.080,61042,1,4.0,fcc78ff263a648170c43ae20de7b41409339f35a6a1f80b555e8456d73c48abc
transfer_cube,7,gaussian_0.080,61043,1,4.0,fcc78ff263a648170c43ae20de7b41409339f35a6a1f80b555e8456d73c48abc
transfer_cube,7,gaussian_0.080,61044,1,4.0,fcc78ff263a648170c43ae20de7b41409339f35a6a1f80b555e8456d73c48abc
transfer_cube,7,gaussian_0.080,61045,1,4.0,fcc78ff263a648170c43ae20de7b41409339f35a6a1f80b555e8456d73c48abc
transfer_cube,7,gaussian_0.080,61046,1,4.0,fcc78ff263a648170c43ae20de7b41409339f35a6a1f80b555e8456d73c48abc
transfer_cube,7,gaussian_0.080,61047,1,4.0,fcc78ff263a648170c43ae20de7b41409339f35a6a1f80b555e8456d73c48abc
transfer_cube,7,gaussian_0.080,61048,1,4.0,fcc78ff263a648170c43ae20de7b41409339f35a6a1f80b555e8456d73c48abc
transfer_cube,7,gaussian_0.080,61049,1,4.0,fcc78ff263a648170c43ae20de7b41409339f35a6a1f80b555e8456d73c48abc
transfer_cube,11,Clean repeat,61040,0,1.0,eb2c707ea44b47fa6333aabb87727ec8edcd453f3c1e8b11b135eed7d290139b
transfer_cube,11,Clean repeat,61041,1,4.0,eb2c707ea44b47fa6333aabb87727ec8edcd453f3c1e8b11b135eed7d290139b
transfer_cube,11,Clean repeat,61042,1,4.0,eb2c707ea44b47fa6333aabb87727ec8edcd453f3c1e8b11b135eed7d290139b
transfer_cube,11,Clean repeat,61043,1,4.0,eb2c707ea44b47fa6333aabb87727ec8edcd453f3c1e8b11b135eed7d290139b
transfer_cube,11,Clean repeat,61044,0,1.0,eb2c707ea44b47fa6333aabb87727ec8edcd453f3c1e8b11b135eed7d290139b
transfer_cube,11,Clean repeat,61045,1,4.0,eb2c707ea44b47fa6333aabb87727ec8edcd453f3c1e8b11b135eed7d290139b
transfer_cube,11,Clean repeat,61046,1,4.0,eb2c707ea44b47fa6333aabb87727ec8edcd453f3c1e8b11b135eed7d290139b
transfer_cube,11,Clean repeat,61047,1,4.0,eb2c707ea44b47fa6333aabb87727ec8edcd453f3c1e8b11b135eed7d290139b
transfer_cube,11,Clean repeat,61048,0,2.0,eb2c707ea44b47fa6333aabb87727ec8edcd453f3c1e8b11b135eed7d290139b
transfer_cube,11,Clean repeat,61049,1,4.0,eb2c707ea44b47fa6333aabb87727ec8edcd453f3c1e8b11b135eed7d290139b
transfer_cube,11,calibrated_0.030,61040,1,4.0,7aa82396673b410466e396b9c263567fd8fb8b405824b610fba314a070d94029
transfer_cube,11,calibrated_0.030,61041,1,4.0,7aa82396673b410466e396b9c263567fd8fb8b405824b610fba314a070d94029
transfer_cube,11,calibrated_0.030,61042,1,4.0,7aa82396673b410466e396b9c263567fd8fb8b405824b610fba314a070d94029
transfer_cube,11,calibrated_0.030,61043,1,4.0,7aa82396673b410466e396b9c263567fd8fb8b405824b610fba314a070d94029
transfer_cube,11,calibrated_0.030,61044,1,4.0,7aa82396673b410466e396b9c263567fd8fb8b405824b610fba314a070d94029
transfer_cube,11,calibrated_0.030,61045,1,4.0,7aa82396673b410466e396b9c263567fd8fb8b405824b610fba314a070d94029
transfer_cube,11,calibrated_0.030,61046,1,4.0,7aa82396673b410466e396b9c263567fd8fb8b405824b610fba314a070d94029
transfer_cube,11,calibrated_0.030,61047,1,4.0,7aa82396673b410466e396b9c263567fd8fb8b405824b610fba314a070d94029
transfer_cube,11,calibrated_0.030,61048,1,4.0,7aa82396673b410466e396b9c263567fd8fb8b405824b610fba314a070d94029
transfer_cube,11,calibrated_0.030,61049,1,4.0,7aa82396673b410466e396b9c263567fd8fb8b405824b610fba314a070d94029
transfer_cube,11,calibrated_0.080,61040,1,4.0,dd1d4bd3580f848b47545410f556e0dcead1b199b1d888aa65d7f303412b4f47
transfer_cube,11,calibrated_0.080,61041,1,4.0,dd1d4bd3580f848b47545410f556e0dcead1b199b1d888aa65d7f303412b4f47
transfer_cube,11,calibrated_0.080,61042,1,4.0,dd1d4bd3580f848b47545410f556e0dcead1b199b1d888aa65d7f303412b4f47
transfer_cube,11,calibrated_0.080,61043,1,4.0,dd1d4bd3580f848b47545410f556e0dcead1b199b1d888aa65d7f303412b4f47
transfer_cube,11,calibrated_0.080,61044,1,4.0,dd1d4bd3580f848b47545410f556e0dcead1b199b1d888aa65d7f303412b4f47
transfer_cube,11,calibrated_0.080,61045,1,4.0,dd1d4bd3580f848b47545410f556e0dcead1b199b1d888aa65d7f303412b4f47
transfer_cube,11,calibrated_0.080,61046,1,4.0,dd1d4bd3580f848b47545410f556e0dcead1b199b1d888aa65d7f303412b4f47
transfer_cube,11,calibrated_0.080,61047,1,4.0,dd1d4bd3580f848b47545410f556e0dcead1b199b1d888aa65d7f303412b4f47
transfer_cube,11,calibrated_0.080,61048,1,4.0,dd1d4bd3580f848b47545410f556e0dcead1b199b1d888aa65d7f303412b4f47
transfer_cube,11,calibrated_0.080,61049,1,4.0,dd1d4bd3580f848b47545410f556e0dcead1b199b1d888aa65d7f303412b4f47
transfer_cube,11,gaussian_0.030,61040,1,4.0,da016bfe5526c8303a53e59fb1a41df493e63c45a3a4e9226b7ca0bc2249e460
transfer_cube,11,gaussian_0.030,61041,1,4.0,da016bfe5526c8303a53e59fb1a41df493e63c45a3a4e9226b7ca0bc2249e460
transfer_cube,11,gaussian_0.030,61042,1,4.0,da016bfe5526c8303a53e59fb1a41df493e63c45a3a4e9226b7ca0bc2249e460
transfer_cube,11,gaussian_0.030,61043,1,4.0,da016bfe5526c8303a53e59fb1a41df493e63c45a3a4e9226b7ca0bc2249e460
transfer_cube,11,gaussian_0.030,61044,1,4.0,da016bfe5526c8303a53e59fb1a41df493e63c45a3a4e9226b7ca0bc2249e460
transfer_cube,11,gaussian_0.030,61045,1,4.0,da016bfe5526c8303a53e59fb1a41df493e63c45a3a4e9226b7ca0bc2249e460
transfer_cube,11,gaussian_0.030,61046,1,4.0,da016bfe5526c8303a53e59fb1a41df493e63c45a3a4e9226b7ca0bc2249e460
transfer_cube,11,gaussian_0.030,61047,1,4.0,da016bfe5526c8303a53e59fb1a41df493e63c45a3a4e9226b7ca0bc2249e460
transfer_cube,11,gaussian_0.030,61048,1,4.0,da016bfe5526c8303a53e59fb1a41df493e63c45a3a4e9226b7ca0bc2249e460
transfer_cube,11,gaussian_0.030,61049,1,4.0,da016bfe5526c8303a53e59fb1a41df493e63c45a3a4e9226b7ca0bc2249e460
transfer_cube,11,gaussian_0.080,61040,1,4.0,edaa4becdd5dcd3d7446af082be6a7714e8a458ab2ff92f41647e4327b9ecce6
transfer_cube,11,gaussian_0.080,61041,1,4.0,edaa4becdd5dcd3d7446af082be6a7714e8a458ab2ff92f41647e4327b9ecce6
transfer_cube,11,gaussian_0.080,61042,1,4.0,edaa4becdd5dcd3d7446af082be6a7714e8a458ab2ff92f41647e4327b9ecce6
transfer_cube,11,gaussian_0.080,61043,1,4.0,edaa4becdd5dcd3d7446af082be6a7714e8a458ab2ff92f41647e4327b9ecce6
transfer_cube,11,gaussian_0.080,61044,1,4.0,edaa4becdd5dcd3d7446af082be6a7714e8a458ab2ff92f41647e4327b9ecce6
transfer_cube,11,gaussian_0.080,61045,1,4.0,edaa4becdd5dcd3d7446af082be6a7714e8a458ab2ff92f41647e4327b9ecce6
transfer_cube,11,gaussian_0.080,61046,1,4.0,edaa4becdd5dcd3d7446af082be6a7714e8a458ab2ff92f41647e4327b9ecce6
transfer_cube,11,gaussian_0.080,61047,1,4.0,edaa4becdd5dcd3d7446af082be6a7714e8a458ab2ff92f41647e4327b9ecce6
transfer_cube,11,gaussian_0.080,61048,1,4.0,edaa4becdd5dcd3d7446af082be6a7714e8a458ab2ff92f41647e4327b9ecce6
transfer_cube,11,gaussian_0.080,61049,1,4.0,edaa4becdd5dcd3d7446af082be6a7714e8a458ab2ff92f41647e4327b9ecce6
transfer_cube,23,Clean repeat,61040,1,4.0,64aa7abe9f09d8aae04d8ba91458143ef546659290f536114e7439c0a6c52042
transfer_cube,23,Clean repeat,61041,1,4.0,64aa7abe9f09d8aae04d8ba91458143ef546659290f536114e7439c0a6c52042
transfer_cube,23,Clean repeat,61042,0,0.0,64aa7abe9f09d8aae04d8ba91458143ef546659290f536114e7439c0a6c52042
transfer_cube,23,Clean repeat,61043,0,1.0,64aa7abe9f09d8aae04d8ba91458143ef546659290f536114e7439c0a6c52042
transfer_cube,23,Clean repeat,61044,0,2.0,64aa7abe9f09d8aae04d8ba91458143ef546659290f536114e7439c0a6c52042
transfer_cube,23,Clean repeat,61045,1,4.0,64aa7abe9f09d8aae04d8ba91458143ef546659290f536114e7439c0a6c52042
transfer_cube,23,Clean repeat,61046,1,4.0,64aa7abe9f09d8aae04d8ba91458143ef546659290f536114e7439c0a6c52042
transfer_cube,23,Clean repeat,61047,1,4.0,64aa7abe9f09d8aae04d8ba91458143ef546659290f536114e7439c0a6c52042
transfer_cube,23,Clean repeat,61048,1,4.0,64aa7abe9f09d8aae04d8ba91458143ef546659290f536114e7439c0a6c52042
transfer_cube,23,Clean repeat,61049,0,0.0,64aa7abe9f09d8aae04d8ba91458143ef546659290f536114e7439c0a6c52042
transfer_cube,23,calibrated_0.030,61040,1,4.0,37c48d712f1b0e6201d0dc8a336fca63a6adeeb87ddedb64860e77b5736f584c
transfer_cube,23,calibrated_0.030,61041,1,4.0,37c48d712f1b0e6201d0dc8a336fca63a6adeeb87ddedb64860e77b5736f584c
transfer_cube,23,calibrated_0.030,61042,1,4.0,37c48d712f1b0e6201d0dc8a336fca63a6adeeb87ddedb64860e77b5736f584c
transfer_cube,23,calibrated_0.030,61043,1,4.0,37c48d712f1b0e6201d0dc8a336fca63a6adeeb87ddedb64860e77b5736f584c
transfer_cube,23,calibrated_0.030,61044,1,4.0,37c48d712f1b0e6201d0dc8a336fca63a6adeeb87ddedb64860e77b5736f584c
transfer_cube,23,calibrated_0.030,61045,1,4.0,37c48d712f1b0e6201d0dc8a336fca63a6adeeb87ddedb64860e77b5736f584c
transfer_cube,23,calibrated_0.030,61046,1,4.0,37c48d712f1b0e6201d0dc8a336fca63a6adeeb87ddedb64860e77b5736f584c
transfer_cube,23,calibrated_0.030,61047,1,4.0,37c48d712f1b0e6201d0dc8a336fca63a6adeeb87ddedb64860e77b5736f584c
transfer_cube,23,calibrated_0.030,61048,1,4.0,37c48d712f1b0e6201d0dc8a336fca63a6adeeb87ddedb64860e77b5736f584c
transfer_cube,23,calibrated_0.030,61049,1,4.0,37c48d712f1b0e6201d0dc8a336fca63a6adeeb87ddedb64860e77b5736f584c
transfer_cube,23,calibrated_0.080,61040,1,4.0,20a1ab5e415e04051f6d19aa2cc9dbe7afcb0d4d7540f35fe51feda24dbe52fc
transfer_cube,23,calibrated_0.080,61041,1,4.0,20a1ab5e415e04051f6d19aa2cc9dbe7afcb0d4d7540f35fe51feda24dbe52fc
transfer_cube,23,calibrated_0.080,61042,1,4.0,20a1ab5e415e04051f6d19aa2cc9dbe7afcb0d4d7540f35fe51feda24dbe52fc
transfer_cube,23,calibrated_0.080,61043,1,4.0,20a1ab5e415e04051f6d19aa2cc9dbe7afcb0d4d7540f35fe51feda24dbe52fc
transfer_cube,23,calibrated_0.080,61044,1,4.0,20a1ab5e415e04051f6d19aa2cc9dbe7afcb0d4d7540f35fe51feda24dbe52fc
transfer_cube,23,calibrated_0.080,61045,1,4.0,20a1ab5e415e04051f6d19aa2cc9dbe7afcb0d4d7540f35fe51feda24dbe52fc
transfer_cube,23,calibrated_0.080,61046,1,4.0,20a1ab5e415e04051f6d19aa2cc9dbe7afcb0d4d7540f35fe51feda24dbe52fc
transfer_cube,23,calibrated_0.080,61047,1,4.0,20a1ab5e415e04051f6d19aa2cc9dbe7afcb0d4d7540f35fe51feda24dbe52fc
transfer_cube,23,calibrated_0.080,61048,1,4.0,20a1ab5e415e04051f6d19aa2cc9dbe7afcb0d4d7540f35fe51feda24dbe52fc
transfer_cube,23,calibrated_0.080,61049,1,4.0,20a1ab5e415e04051f6d19aa2cc9dbe7afcb0d4d7540f35fe51feda24dbe52fc
transfer_cube,23,gaussian_0.030,61040,1,4.0,e064702986ccc9d7d6b7fda0d554a6af6759091a5dfddbeed05a092d6147bf89
transfer_cube,23,gaussian_0.030,61041,1,4.0,e064702986ccc9d7d6b7fda0d554a6af6759091a5dfddbeed05a092d6147bf89
transfer_cube,23,gaussian_0.030,61042,1,4.0,e064702986ccc9d7d6b7fda0d554a6af6759091a5dfddbeed05a092d6147bf89
transfer_cube,23,gaussian_0.030,61043,1,4.0,e064702986ccc9d7d6b7fda0d554a6af6759091a5dfddbeed05a092d6147bf89
transfer_cube,23,gaussian_0.030,61044,1,4.0,e064702986ccc9d7d6b7fda0d554a6af6759091a5dfddbeed05a092d6147bf89
transfer_cube,23,gaussian_0.030,61045,1,4.0,e064702986ccc9d7d6b7fda0d554a6af6759091a5dfddbeed05a092d6147bf89
transfer_cube,23,gaussian_0.030,61046,1,4.0,e064702986ccc9d7d6b7fda0d554a6af6759091a5dfddbeed05a092d6147bf89
transfer_cube,23,gaussian_0.030,61047,1,4.0,e064702986ccc9d7d6b7fda0d554a6af6759091a5dfddbeed05a092d6147bf89
transfer_cube,23,gaussian_0.030,61048,1,4.0,e064702986ccc9d7d6b7fda0d554a6af6759091a5dfddbeed05a092d6147bf89
transfer_cube,23,gaussian_0.030,61049,1,4.0,e064702986ccc9d7d6b7fda0d554a6af6759091a5dfddbeed05a092d6147bf89
transfer_cube,23,gaussian_0.080,61040,1,4.0,da72aa1111435b071f03cff754917c59e0f9026fceb78766ec1208e5167dda85
transfer_cube,23,gaussian_0.080,61041,1,4.0,da72aa1111435b071f03cff754917c59e0f9026fceb78766ec1208e5167dda85
transfer_cube,23,gaussian_0.080,61042,0,2.0,da72aa1111435b071f03cff754917c59e0f9026fceb78766ec1208e5167dda85
transfer_cube,23,gaussian_0.080,61043,0,2.0,da72aa1111435b071f03cff754917c59e0f9026fceb78766ec1208e5167dda85
transfer_cube,23,gaussian_0.080,61044,1,4.0,da72aa1111435b071f03cff754917c59e0f9026fceb78766ec1208e5167dda85
transfer_cube,23,gaussian_0.080,61045,1,4.0,da72aa1111435b071f03cff754917c59e0f9026fceb78766ec1208e5167dda85
transfer_cube,23,gaussian_0.080,61046,1,4.0,da72aa1111435b071f03cff754917c59e0f9026fceb78766ec1208e5167dda85
transfer_cube,23,gaussian_0.080,61047,1,4.0,da72aa1111435b071f03cff754917c59e0f9026fceb78766ec1208e5167dda85
transfer_cube,23,gaussian_0.080,61048,1,4.0,da72aa1111435b071f03cff754917c59e0f9026fceb78766ec1208e5167dda85
transfer_cube,23,gaussian_0.080,61049,1,4.0,da72aa1111435b071f03cff754917c59e0f9026fceb78766ec1208e5167dda85
insertion,7,Clean repeat,71041,1,4.0,2bd693df8a9eae21e63bde64b3e270545668eee69a9f3f96519953b4307d1892
insertion,7,Clean repeat,71042,0,3.0,2bd693df8a9eae21e63bde64b3e270545668eee69a9f3f96519953b4307d1892
insertion,7,Clean repeat,71043,0,3.0,2bd693df8a9eae21e63bde64b3e270545668eee69a9f3f96519953b4307d1892
insertion,7,Clean repeat,71044,1,4.0,2bd693df8a9eae21e63bde64b3e270545668eee69a9f3f96519953b4307d1892
insertion,7,Clean repeat,71045,0,3.0,2bd693df8a9eae21e63bde64b3e270545668eee69a9f3f96519953b4307d1892
insertion,7,Clean repeat,71046,0,3.0,2bd693df8a9eae21e63bde64b3e270545668eee69a9f3f96519953b4307d1892
insertion,7,Clean repeat,71047,0,3.0,2bd693df8a9eae21e63bde64b3e270545668eee69a9f3f96519953b4307d1892
insertion,7,Clean repeat,71048,1,4.0,2bd693df8a9eae21e63bde64b3e270545668eee69a9f3f96519953b4307d1892
insertion,7,Clean repeat,71049,0,0.0,2bd693df8a9eae21e63bde64b3e270545668eee69a9f3f96519953b4307d1892
insertion,7,Clean repeat,71050,0,3.0,2bd693df8a9eae21e63bde64b3e270545668eee69a9f3f96519953b4307d1892
insertion,7,calibrated_0.030,71041,1,4.0,1ab5d34f76992c30e32fab07cfd3258fa20ad64153f85b22c0a512b504674ac1
insertion,7,calibrated_0.030,71042,0,3.0,1ab5d34f76992c30e32fab07cfd3258fa20ad64153f85b22c0a512b504674ac1
insertion,7,calibrated_0.030,71043,0,3.0,1ab5d34f76992c30e32fab07cfd3258fa20ad64153f85b22c0a512b504674ac1
insertion,7,calibrated_0.030,71044,1,4.0,1ab5d34f76992c30e32fab07cfd3258fa20ad64153f85b22c0a512b504674ac1
insertion,7,calibrated_0.030,71045,0,3.0,1ab5d34f76992c30e32fab07cfd3258fa20ad64153f85b22c0a512b504674ac1
insertion,7,calibrated_0.030,71046,0,3.0,1ab5d34f76992c30e32fab07cfd3258fa20ad64153f85b22c0a512b504674ac1
insertion,7,calibrated_0.030,71047,1,4.0,1ab5d34f76992c30e32fab07cfd3258fa20ad64153f85b22c0a512b504674ac1
insertion,7,calibrated_0.030,71048,1,4.0,1ab5d34f76992c30e32fab07cfd3258fa20ad64153f85b22c0a512b504674ac1
insertion,7,calibrated_0.030,71049,0,2.0,1ab5d34f76992c30e32fab07cfd3258fa20ad64153f85b22c0a512b504674ac1
insertion,7,calibrated_0.030,71050,0,3.0,1ab5d34f76992c30e32fab07cfd3258fa20ad64153f85b22c0a512b504674ac1
insertion,7,calibrated_0.080,71041,1,4.0,30d3eb367b19df3e18a199ef8cb8fb7991f39c4789a78338ee79b7aba8a23153
insertion,7,calibrated_0.080,71042,0,3.0,30d3eb367b19df3e18a199ef8cb8fb7991f39c4789a78338ee79b7aba8a23153
insertion,7,calibrated_0.080,71043,1,4.0,30d3eb367b19df3e18a199ef8cb8fb7991f39c4789a78338ee79b7aba8a23153
insertion,7,calibrated_0.080,71044,0,3.0,30d3eb367b19df3e18a199ef8cb8fb7991f39c4789a78338ee79b7aba8a23153
insertion,7,calibrated_0.080,71045,0,3.0,30d3eb367b19df3e18a199ef8cb8fb7991f39c4789a78338ee79b7aba8a23153
insertion,7,calibrated_0.080,71046,1,4.0,30d3eb367b19df3e18a199ef8cb8fb7991f39c4789a78338ee79b7aba8a23153
insertion,7,calibrated_0.080,71047,1,4.0,30d3eb367b19df3e18a199ef8cb8fb7991f39c4789a78338ee79b7aba8a23153
insertion,7,calibrated_0.080,71048,1,4.0,30d3eb367b19df3e18a199ef8cb8fb7991f39c4789a78338ee79b7aba8a23153
insertion,7,calibrated_0.080,71049,0,3.0,30d3eb367b19df3e18a199ef8cb8fb7991f39c4789a78338ee79b7aba8a23153
insertion,7,calibrated_0.080,71050,0,3.0,30d3eb367b19df3e18a199ef8cb8fb7991f39c4789a78338ee79b7aba8a23153
insertion,7,gaussian_0.030,71041,1,4.0,667ce58a7dbdff73cf474f19c7ec585cd5659347e19c55c8a84b4a82e5e0d011
insertion,7,gaussian_0.030,71042,0,2.0,667ce58a7dbdff73cf474f19c7ec585cd5659347e19c55c8a84b4a82e5e0d011
insertion,7,gaussian_0.030,71043,0,3.0,667ce58a7dbdff73cf474f19c7ec585cd5659347e19c55c8a84b4a82e5e0d011
insertion,7,gaussian_0.030,71044,1,4.0,667ce58a7dbdff73cf474f19c7ec585cd5659347e19c55c8a84b4a82e5e0d011
insertion,7,gaussian_0.030,71045,0,3.0,667ce58a7dbdff73cf474f19c7ec585cd5659347e19c55c8a84b4a82e5e0d011
insertion,7,gaussian_0.030,71046,1,4.0,667ce58a7dbdff73cf474f19c7ec585cd5659347e19c55c8a84b4a82e5e0d011
insertion,7,gaussian_0.030,71047,0,2.0,667ce58a7dbdff73cf474f19c7ec585cd5659347e19c55c8a84b4a82e5e0d011
insertion,7,gaussian_0.030,71048,0,3.0,667ce58a7dbdff73cf474f19c7ec585cd5659347e19c55c8a84b4a82e5e0d011
insertion,7,gaussian_0.030,71049,0,2.0,667ce58a7dbdff73cf474f19c7ec585cd5659347e19c55c8a84b4a82e5e0d011
insertion,7,gaussian_0.030,71050,0,3.0,667ce58a7dbdff73cf474f19c7ec585cd5659347e19c55c8a84b4a82e5e0d011
insertion,7,gaussian_0.080,71041,0,3.0,ed969481cd8b4b7bbe323e48c0da319ab7e93443dc29a3b11fa05e30371f6ba2
insertion,7,gaussian_0.080,71042,1,4.0,ed969481cd8b4b7bbe323e48c0da319ab7e93443dc29a3b11fa05e30371f6ba2
insertion,7,gaussian_0.080,71043,0,3.0,ed969481cd8b4b7bbe323e48c0da319ab7e93443dc29a3b11fa05e30371f6ba2
insertion,7,gaussian_0.080,71044,1,4.0,ed969481cd8b4b7bbe323e48c0da319ab7e93443dc29a3b11fa05e30371f6ba2
insertion,7,gaussian_0.080,71045,1,4.0,ed969481cd8b4b7bbe323e48c0da319ab7e93443dc29a3b11fa05e30371f6ba2
insertion,7,gaussian_0.080,71046,1,4.0,ed969481cd8b4b7bbe323e48c0da319ab7e93443dc29a3b11fa05e30371f6ba2
insertion,7,gaussian_0.080,71047,0,2.0,ed969481cd8b4b7bbe323e48c0da319ab7e93443dc29a3b11fa05e30371f6ba2
insertion,7,gaussian_0.080,71048,0,2.0,ed969481cd8b4b7bbe323e48c0da319ab7e93443dc29a3b11fa05e30371f6ba2
insertion,7,gaussian_0.080,71049,1,4.0,ed969481cd8b4b7bbe323e48c0da319ab7e93443dc29a3b11fa05e30371f6ba2
insertion,7,gaussian_0.080,71050,0,3.0,ed969481cd8b4b7bbe323e48c0da319ab7e93443dc29a3b11fa05e30371f6ba2
insertion,11,Clean repeat,71041,1,4.0,a442c9148127b9648955f6191a9c82cef7ac1f44e86b984ae0f103cf19cf0af5
insertion,11,Clean repeat,71042,0,3.0,a442c9148127b9648955f6191a9c82cef7ac1f44e86b984ae0f103cf19cf0af5
insertion,11,Clean repeat,71043,0,3.0,a442c9148127b9648955f6191a9c82cef7ac1f44e86b984ae0f103cf19cf0af5
insertion,11,Clean repeat,71044,1,4.0,a442c9148127b9648955f6191a9c82cef7ac1f44e86b984ae0f103cf19cf0af5
insertion,11,Clean repeat,71045,1,4.0,a442c9148127b9648955f6191a9c82cef7ac1f44e86b984ae0f103cf19cf0af5
insertion,11,Clean repeat,71046,0,3.0,a442c9148127b9648955f6191a9c82cef7ac1f44e86b984ae0f103cf19cf0af5
insertion,11,Clean repeat,71047,0,2.0,a442c9148127b9648955f6191a9c82cef7ac1f44e86b984ae0f103cf19cf0af5
insertion,11,Clean repeat,71048,0,3.0,a442c9148127b9648955f6191a9c82cef7ac1f44e86b984ae0f103cf19cf0af5
insertion,11,Clean repeat,71049,0,3.0,a442c9148127b9648955f6191a9c82cef7ac1f44e86b984ae0f103cf19cf0af5
insertion,11,Clean repeat,71050,1,4.0,a442c9148127b9648955f6191a9c82cef7ac1f44e86b984ae0f103cf19cf0af5
insertion,11,calibrated_0.030,71041,0,3.0,f993638a6d5cba7e67e2f699777182a5dcd196582542e592f995eacd15a7bda3
insertion,11,calibrated_0.030,71042,1,4.0,f993638a6d5cba7e67e2f699777182a5dcd196582542e592f995eacd15a7bda3
insertion,11,calibrated_0.030,71043,0,3.0,f993638a6d5cba7e67e2f699777182a5dcd196582542e592f995eacd15a7bda3
insertion,11,calibrated_0.030,71044,1,4.0,f993638a6d5cba7e67e2f699777182a5dcd196582542e592f995eacd15a7bda3
insertion,11,calibrated_0.030,71045,1,4.0,f993638a6d5cba7e67e2f699777182a5dcd196582542e592f995eacd15a7bda3
insertion,11,calibrated_0.030,71046,1,4.0,f993638a6d5cba7e67e2f699777182a5dcd196582542e592f995eacd15a7bda3
insertion,11,calibrated_0.030,71047,0,2.0,f993638a6d5cba7e67e2f699777182a5dcd196582542e592f995eacd15a7bda3
insertion,11,calibrated_0.030,71048,1,4.0,f993638a6d5cba7e67e2f699777182a5dcd196582542e592f995eacd15a7bda3
insertion,11,calibrated_0.030,71049,0,3.0,f993638a6d5cba7e67e2f699777182a5dcd196582542e592f995eacd15a7bda3
insertion,11,calibrated_0.030,71050,1,4.0,f993638a6d5cba7e67e2f699777182a5dcd196582542e592f995eacd15a7bda3
insertion,11,calibrated_0.080,71041,1,4.0,a0c80b55bffed8152a84a30611c8a9e5cef978324fafc7538777610de3e035cf
insertion,11,calibrated_0.080,71042,1,4.0,a0c80b55bffed8152a84a30611c8a9e5cef978324fafc7538777610de3e035cf
insertion,11,calibrated_0.080,71043,0,3.0,a0c80b55bffed8152a84a30611c8a9e5cef978324fafc7538777610de3e035cf
insertion,11,calibrated_0.080,71044,1,4.0,a0c80b55bffed8152a84a30611c8a9e5cef978324fafc7538777610de3e035cf
insertion,11,calibrated_0.080,71045,1,4.0,a0c80b55bffed8152a84a30611c8a9e5cef978324fafc7538777610de3e035cf
insertion,11,calibrated_0.080,71046,1,4.0,a0c80b55bffed8152a84a30611c8a9e5cef978324fafc7538777610de3e035cf
insertion,11,calibrated_0.080,71047,0,3.0,a0c80b55bffed8152a84a30611c8a9e5cef978324fafc7538777610de3e035cf
insertion,11,calibrated_0.080,71048,1,4.0,a0c80b55bffed8152a84a30611c8a9e5cef978324fafc7538777610de3e035cf
insertion,11,calibrated_0.080,71049,1,4.0,a0c80b55bffed8152a84a30611c8a9e5cef978324fafc7538777610de3e035cf
insertion,11,calibrated_0.080,71050,1,4.0,a0c80b55bffed8152a84a30611c8a9e5cef978324fafc7538777610de3e035cf
insertion,11,gaussian_0.030,71041,0,3.0,a788d15740c95794db277aeaaf4d0e037e52d3fd638a8a406e93f3793dcb4d40
insertion,11,gaussian_0.030,71042,0,2.0,a788d15740c95794db277aeaaf4d0e037e52d3fd638a8a406e93f3793dcb4d40
insertion,11,gaussian_0.030,71043,0,3.0,a788d15740c95794db277aeaaf4d0e037e52d3fd638a8a406e93f3793dcb4d40
insertion,11,gaussian_0.030,71044,0,3.0,a788d15740c95794db277aeaaf4d0e037e52d3fd638a8a406e93f3793dcb4d40
insertion,11,gaussian_0.030,71045,1,4.0,a788d15740c95794db277aeaaf4d0e037e52d3fd638a8a406e93f3793dcb4d40
insertion,11,gaussian_0.030,71046,1,4.0,a788d15740c95794db277aeaaf4d0e037e52d3fd638a8a406e93f3793dcb4d40
insertion,11,gaussian_0.030,71047,0,2.0,a788d15740c95794db277aeaaf4d0e037e52d3fd638a8a406e93f3793dcb4d40
insertion,11,gaussian_0.030,71048,1,4.0,a788d15740c95794db277aeaaf4d0e037e52d3fd638a8a406e93f3793dcb4d40
insertion,11,gaussian_0.030,71049,0,3.0,a788d15740c95794db277aeaaf4d0e037e52d3fd638a8a406e93f3793dcb4d40
insertion,11,gaussian_0.030,71050,1,4.0,a788d15740c95794db277aeaaf4d0e037e52d3fd638a8a406e93f3793dcb4d40
insertion,11,gaussian_0.080,71041,1,4.0,b9a00c72b0cfeb9a88d40990a2065af96e58264f93b2dfb53f1dcfc49bc08eaf
insertion,11,gaussian_0.080,71042,1,4.0,b9a00c72b0cfeb9a88d40990a2065af96e58264f93b2dfb53f1dcfc49bc08eaf
insertion,11,gaussian_0.080,71043,0,3.0,b9a00c72b0cfeb9a88d40990a2065af96e58264f93b2dfb53f1dcfc49bc08eaf
insertion,11,gaussian_0.080,71044,1,4.0,b9a00c72b0cfeb9a88d40990a2065af96e58264f93b2dfb53f1dcfc49bc08eaf
insertion,11,gaussian_0.080,71045,1,4.0,b9a00c72b0cfeb9a88d40990a2065af96e58264f93b2dfb53f1dcfc49bc08eaf
insertion,11,gaussian_0.080,71046,1,4.0,b9a00c72b0cfeb9a88d40990a2065af96e58264f93b2dfb53f1dcfc49bc08eaf
insertion,11,gaussian_0.080,71047,0,2.0,b9a00c72b0cfeb9a88d40990a2065af96e58264f93b2dfb53f1dcfc49bc08eaf
insertion,11,gaussian_0.080,71048,0,3.0,b9a00c72b0cfeb9a88d40990a2065af96e58264f93b2dfb53f1dcfc49bc08eaf
insertion,11,gaussian_0.080,71049,0,3.0,b9a00c72b0cfeb9a88d40990a2065af96e58264f93b2dfb53f1dcfc49bc08eaf
insertion,11,gaussian_0.080,71050,1,4.0,b9a00c72b0cfeb9a88d40990a2065af96e58264f93b2dfb53f1dcfc49bc08eaf
insertion,23,Clean repeat,71041,1,4.0,59cbfa4484f87b526966b19ba29b834e5126739e3bb023df29bba83b587d8762
insertion,23,Clean repeat,71042,0,3.0,59cbfa4484f87b526966b19ba29b834e5126739e3bb023df29bba83b587d8762
insertion,23,Clean repeat,71043,0,3.0,59cbfa4484f87b526966b19ba29b834e5126739e3bb023df29bba83b587d8762
insertion,23,Clean repeat,71044,1,4.0,59cbfa4484f87b526966b19ba29b834e5126739e3bb023df29bba83b587d8762
insertion,23,Clean repeat,71045,1,4.0,59cbfa4484f87b526966b19ba29b834e5126739e3bb023df29bba83b587d8762
insertion,23,Clean repeat,71046,1,4.0,59cbfa4484f87b526966b19ba29b834e5126739e3bb023df29bba83b587d8762
insertion,23,Clean repeat,71047,0,3.0,59cbfa4484f87b526966b19ba29b834e5126739e3bb023df29bba83b587d8762
insertion,23,Clean repeat,71048,1,4.0,59cbfa4484f87b526966b19ba29b834e5126739e3bb023df29bba83b587d8762
insertion,23,Clean repeat,71049,0,1.0,59cbfa4484f87b526966b19ba29b834e5126739e3bb023df29bba83b587d8762
insertion,23,Clean repeat,71050,1,4.0,59cbfa4484f87b526966b19ba29b834e5126739e3bb023df29bba83b587d8762
insertion,23,calibrated_0.030,71041,1,4.0,2369f6f7ae503d43af8a2964756a12f0e943ca0f48184e7556365463c44ecd00
insertion,23,calibrated_0.030,71042,0,3.0,2369f6f7ae503d43af8a2964756a12f0e943ca0f48184e7556365463c44ecd00
insertion,23,calibrated_0.030,71043,0,3.0,2369f6f7ae503d43af8a2964756a12f0e943ca0f48184e7556365463c44ecd00
insertion,23,calibrated_0.030,71044,1,4.0,2369f6f7ae503d43af8a2964756a12f0e943ca0f48184e7556365463c44ecd00
insertion,23,calibrated_0.030,71045,1,4.0,2369f6f7ae503d43af8a2964756a12f0e943ca0f48184e7556365463c44ecd00
insertion,23,calibrated_0.030,71046,1,4.0,2369f6f7ae503d43af8a2964756a12f0e943ca0f48184e7556365463c44ecd00
insertion,23,calibrated_0.030,71047,1,4.0,2369f6f7ae503d43af8a2964756a12f0e943ca0f48184e7556365463c44ecd00
insertion,23,calibrated_0.030,71048,1,4.0,2369f6f7ae503d43af8a2964756a12f0e943ca0f48184e7556365463c44ecd00
insertion,23,calibrated_0.030,71049,1,4.0,2369f6f7ae503d43af8a2964756a12f0e943ca0f48184e7556365463c44ecd00
insertion,23,calibrated_0.030,71050,1,4.0,2369f6f7ae503d43af8a2964756a12f0e943ca0f48184e7556365463c44ecd00
insertion,23,calibrated_0.080,71041,1,4.0,5ea2ef22a0beaac38014c66b308dd228766799010f1a88372569807b50cfd6a3
insertion,23,calibrated_0.080,71042,0,3.0,5ea2ef22a0beaac38014c66b308dd228766799010f1a88372569807b50cfd6a3
insertion,23,calibrated_0.080,71043,0,3.0,5ea2ef22a0beaac38014c66b308dd228766799010f1a88372569807b50cfd6a3
insertion,23,calibrated_0.080,71044,1,4.0,5ea2ef22a0beaac38014c66b308dd228766799010f1a88372569807b50cfd6a3
insertion,23,calibrated_0.080,71045,0,3.0,5ea2ef22a0beaac38014c66b308dd228766799010f1a88372569807b50cfd6a3
insertion,23,calibrated_0.080,71046,1,4.0,5ea2ef22a0beaac38014c66b308dd228766799010f1a88372569807b50cfd6a3
insertion,23,calibrated_0.080,71047,1,4.0,5ea2ef22a0beaac38014c66b308dd228766799010f1a88372569807b50cfd6a3
insertion,23,calibrated_0.080,71048,1,4.0,5ea2ef22a0beaac38014c66b308dd228766799010f1a88372569807b50cfd6a3
insertion,23,calibrated_0.080,71049,1,4.0,5ea2ef22a0beaac38014c66b308dd228766799010f1a88372569807b50cfd6a3
insertion,23,calibrated_0.080,71050,1,4.0,5ea2ef22a0beaac38014c66b308dd228766799010f1a88372569807b50cfd6a3
insertion,23,gaussian_0.030,71041,1,4.0,251010bf9d0d74a6bf4b427b92ac229eb5abcd9cd5a3c015745cc3438a45c72a
insertion,23,gaussian_0.030,71042,0,2.0,251010bf9d0d74a6bf4b427b92ac229eb5abcd9cd5a3c015745cc3438a45c72a
insertion,23,gaussian_0.030,71043,0,3.0,251010bf9d0d74a6bf4b427b92ac229eb5abcd9cd5a3c015745cc3438a45c72a
insertion,23,gaussian_0.030,71044,0,3.0,251010bf9d0d74a6bf4b427b92ac229eb5abcd9cd5a3c015745cc3438a45c72a
insertion,23,gaussian_0.030,71045,0,3.0,251010bf9d0d74a6bf4b427b92ac229eb5abcd9cd5a3c015745cc3438a45c72a
insertion,23,gaussian_0.030,71046,0,3.0,251010bf9d0d74a6bf4b427b92ac229eb5abcd9cd5a3c015745cc3438a45c72a
insertion,23,gaussian_0.030,71047,0,2.0,251010bf9d0d74a6bf4b427b92ac229eb5abcd9cd5a3c015745cc3438a45c72a
insertion,23,gaussian_0.030,71048,0,3.0,251010bf9d0d74a6bf4b427b92ac229eb5abcd9cd5a3c015745cc3438a45c72a
insertion,23,gaussian_0.030,71049,0,3.0,251010bf9d0d74a6bf4b427b92ac229eb5abcd9cd5a3c015745cc3438a45c72a
insertion,23,gaussian_0.030,71050,1,4.0,251010bf9d0d74a6bf4b427b92ac229eb5abcd9cd5a3c015745cc3438a45c72a
insertion,23,gaussian_0.080,71041,1,4.0,3c39ed515720614fd88d4dd626f2cc71779bae488f584df07aabc251ba6c77c6
insertion,23,gaussian_0.080,71042,0,3.0,3c39ed515720614fd88d4dd626f2cc71779bae488f584df07aabc251ba6c77c6
insertion,23,gaussian_0.080,71043,0,3.0,3c39ed515720614fd88d4dd626f2cc71779bae488f584df07aabc251ba6c77c6
insertion,23,gaussian_0.080,71044,0,3.0,3c39ed515720614fd88d4dd626f2cc71779bae488f584df07aabc251ba6c77c6
insertion,23,gaussian_0.080,71045,1,4.0,3c39ed515720614fd88d4dd626f2cc71779bae488f584df07aabc251ba6c77c6
insertion,23,gaussian_0.080,71046,1,4.0,3c39ed515720614fd88d4dd626f2cc71779bae488f584df07aabc251ba6c77c6
insertion,23,gaussian_0.080,71047,0,3.0,3c39ed515720614fd88d4dd626f2cc71779bae488f584df07aabc251ba6c77c6
insertion,23,gaussian_0.080,71048,1,4.0,3c39ed515720614fd88d4dd626f2cc71779bae488f584df07aabc251ba6c77c6
insertion,23,gaussian_0.080,71049,1,4.0,3c39ed515720614fd88d4dd626f2cc71779bae488f584df07aabc251ba6c77c6
insertion,23,gaussian_0.080,71050,0,3.0,3c39ed515720614fd88d4dd626f2cc71779bae488f584df07aabc251ba6c77c6
