task,method,bank,seed,auxiliary_cpu,collection_cpu,final_training_cpu,total_cpu,updates,best_step,simulation_steps,attempts,identity,mean_scale,nonzero_windows
insertion,Clean repeat,304.6,29.666666666666668,0.0,0.0,13.50625,13.50625,1200.0,1173.3333333333333,0.0,0.0,0.0,0.0,0.0
insertion,Gaussian CPU budget,304.6,29.666666666666668,0.0,501.95625,55.10625,557.0625,7746.666666666667,6233.333333333333,356960.0,892.4,36.4,0.6464583333333334,1903.6
insertion,Gaussian recovery,304.6,29.666666666666668,0.0,501.95625,13.486458333333333,515.4427083333334,1200.0,1153.3333333333333,356960.0,892.4,36.4,0.6464583333333334,1903.6
insertion,Global-time errors,304.6,29.666666666666668,52.375,483.103125,13.229166666666666,548.7072916666667,1200.0,1160.0,374960.0,937.4,24.8,0.6154166666666666,1899.8
insertion,No cross-fitting,304.6,29.666666666666668,10.728125,496.7,13.491666666666667,520.9197916666667,1200.0,1186.6666666666667,371120.0,927.8,25.4,0.6255208333333333,1899.8
insertion,No intermediate backtracking,304.6,29.666666666666668,52.375,460.659375,13.18125,526.215625,1200.0,1153.3333333333333,300480.0,751.2,271.2,0.435,1772.2
insertion,SCANA-R,304.6,29.666666666666668,52.375,489.2625,13.4625,555.1,1200.0,1180.0,361760.0,904.4,25.2,0.6377083333333334,1902.2
transfer_cube,Clean repeat,304.6,29.666666666666668,0.0,0.0,14.4625,14.4625,1200.0,1180.0,0.0,0.0,0.0,0.0,0.0
transfer_cube,Gaussian CPU budget,304.6,29.666666666666668,0.0,221.5,67.53020833333333,289.03020833333335,8660.0,8420.0,194400.0,486.0,0.0,0.9938541666666667,1906.2
transfer_cube,Gaussian recovery,304.6,29.666666666666668,0.0,221.5,14.39375,235.89375,1200.0,1180.0,194400.0,486.0,0.0,0.9938541666666667,1906.2
transfer_cube,Global-time errors,304.6,29.666666666666668,54.871875,221.696875,14.742708333333333,291.31145833333335,1200.0,1166.6666666666667,194160.0,485.4,0.0,0.994375,1906.2
transfer_cube,No cross-fitting,304.6,29.666666666666668,11.4,221.81875,14.38125,247.6,1200.0,1166.6666666666667,192960.0,482.4,0.0,0.9976041666666667,1906.2
transfer_cube,No intermediate backtracking,304.6,29.666666666666668,54.871875,228.94375,14.697916666666666,298.51354166666664,1200.0,1166.6666666666667,194240.0,485.6,5.6,0.9883333333333334,1901.8
transfer_cube,SCANA-R,304.6,29.666666666666668,54.871875,219.05625,14.526041666666666,288.45416666666665,1200.0,1166.6666666666667,194400.0,486.0,0.2,0.9939583333333334,1905.4
