task,bank,seed,method,auxiliary_cpu,collection_cpu,final_training_cpu,total_cpu,updates,best_step,simulation_steps,attempts,identity,mean_scale,nonzero_windows
transfer_cube,101,17,Clean repeat,0.0,0.0,11.421875,11.421875,1200,1200,0,0,0,0.0,0
transfer_cube,101,29,Clean repeat,0.0,0.0,11.84375,11.84375,1200,1100,0,0,0,0.0,0
transfer_cube,101,43,Clean repeat,0.0,0.0,10.984375,10.984375,1200,1200,0,0,0,0.0,0
transfer_cube,211,17,Clean repeat,0.0,0.0,15.421875,15.421875,1200,1200,0,0,0,0.0,0
transfer_cube,211,29,Clean repeat,0.0,0.0,18.703125,18.703125,1200,1200,0,0,0,0.0,0
transfer_cube,211,43,Clean repeat,0.0,0.0,18.59375,18.59375,1200,1200,0,0,0,0.0,0
transfer_cube,307,17,Clean repeat,0.0,0.0,18.328125,18.328125,1200,1200,0,0,0,0.0,0
transfer_cube,307,29,Clean repeat,0.0,0.0,16.6875,16.6875,1200,1200,0,0,0,0.0,0
transfer_cube,307,43,Clean repeat,0.0,0.0,16.140625,16.140625,1200,1200,0,0,0,0.0,0
transfer_cube,401,17,Clean repeat,0.0,0.0,16.609375,16.609375,1200,1100,0,0,0,0.0,0
transfer_cube,401,29,Clean repeat,0.0,0.0,14.1875,14.1875,1200,1200,0,0,0,0.0,0
transfer_cube,401,43,Clean repeat,0.0,0.0,14.484375,14.484375,1200,1200,0,0,0,0.0,0
transfer_cube,503,17,Clean repeat,0.0,0.0,11.28125,11.28125,1200,1100,0,0,0,0.0,0
transfer_cube,503,29,Clean repeat,0.0,0.0,11.078125,11.078125,1200,1200,0,0,0,0.0,0
transfer_cube,503,43,Clean repeat,0.0,0.0,11.171875,11.171875,1200,1200,0,0,0,0.0,0
transfer_cube,101,17,SCANA-R,55.078125,272.21875,11.53125,338.828125,1200,1200,194000,485,0,0.9947916666666666,1910
transfer_cube,101,29,SCANA-R,55.078125,272.21875,11.328125,338.625,1200,1200,194000,485,0,0.9947916666666666,1910
transfer_cube,101,43,SCANA-R,55.078125,272.21875,11.09375,338.390625,1200,1200,194000,485,0,0.9947916666666666,1910
transfer_cube,211,17,SCANA-R,54.515625,181.21875,15.625,251.359375,1200,1100,194400,486,0,0.99375,1908
transfer_cube,211,29,SCANA-R,54.515625,181.21875,19.390625,255.125,1200,1100,194400,486,0,0.99375,1908
transfer_cube,211,43,SCANA-R,54.515625,181.21875,18.90625,254.640625,1200,1200,194400,486,0,0.99375,1908
transfer_cube,307,17,SCANA-R,54.671875,222.515625,19.109375,296.296875,1200,1200,197200,493,1,0.9875,1899
transfer_cube,307,29,SCANA-R,54.671875,222.515625,16.703125,293.890625,1200,1200,197200,493,1,0.9875,1899
transfer_cube,307,43,SCANA-R,54.671875,222.515625,16.234375,293.421875,1200,1200,197200,493,1,0.9875,1899
transfer_cube,401,17,SCANA-R,55.859375,220.53125,16.34375,292.734375,1200,1000,193600,484,0,0.9958333333333333,1906
transfer_cube,401,29,SCANA-R,55.859375,220.53125,14.171875,290.5625,1200,1100,193600,484,0,0.9958333333333333,1906
transfer_cube,401,43,SCANA-R,55.859375,220.53125,14.53125,290.921875,1200,1200,193600,484,0,0.9958333333333333,1906
transfer_cube,503,17,SCANA-R,54.234375,198.796875,11.265625,264.296875,1200,1200,192800,482,0,0.9979166666666667,1904
transfer_cube,503,29,SCANA-R,54.234375,198.796875,10.671875,263.703125,1200,1200,192800,482,0,0.9979166666666667,1904
transfer_cube,503,43,SCANA-R,54.234375,198.796875,10.984375,264.015625,1200,1200,192800,482,0,0.9979166666666667,1904
transfer_cube,101,17,Gaussian recovery,0.0,292.84375,11.578125,304.421875,1200,1200,193200,483,0,0.996875,1910
transfer_cube,101,29,Gaussian recovery,0.0,292.84375,10.359375,303.203125,1200,1100,193200,483,0,0.996875,1910
transfer_cube,101,43,Gaussian recovery,0.0,292.84375,11.296875,304.140625,1200,1200,193200,483,0,0.996875,1910
transfer_cube,211,17,Gaussian recovery,0.0,245.0,16.265625,261.265625,1200,1200,194000,485,0,0.9953125,1908
transfer_cube,211,29,Gaussian recovery,0.0,245.0,19.3125,264.3125,1200,1100,194000,485,0,0.9953125,1908
transfer_cube,211,43,Gaussian recovery,0.0,245.0,18.640625,263.640625,1200,1200,194000,485,0,0.9953125,1908
transfer_cube,307,17,Gaussian recovery,0.0,210.6875,19.0625,229.75,1200,1200,195600,489,0,0.990625,1903
transfer_cube,307,29,Gaussian recovery,0.0,210.6875,16.953125,227.640625,1200,1200,195600,489,0,0.990625,1903
transfer_cube,307,43,Gaussian recovery,0.0,210.6875,16.234375,226.921875,1200,1200,195600,489,0,0.990625,1903
transfer_cube,401,17,Gaussian recovery,0.0,173.609375,14.28125,187.890625,1200,1200,194400,486,0,0.99375,1906
transfer_cube,401,29,Gaussian recovery,0.0,173.609375,14.5,188.109375,1200,1100,194400,486,0,0.99375,1906
transfer_cube,401,43,Gaussian recovery,0.0,173.609375,14.109375,187.71875,1200,1200,194400,486,0,0.99375,1906
transfer_cube,503,17,Gaussian recovery,0.0,185.359375,11.40625,196.765625,1200,1200,194800,487,0,0.9927083333333333,1904
transfer_cube,503,29,Gaussian recovery,0.0,185.359375,10.625,195.984375,1200,1200,194800,487,0,0.9927083333333333,1904
transfer_cube,503,43,Gaussian recovery,0.0,185.359375,11.28125,196.640625,1200,1200,194800,487,0,0.9927083333333333,1904
transfer_cube,101,17,No cross-fitting,11.375,288.8125,11.34375,311.53125,1200,1200,192000,480,0,1.0,1910
transfer_cube,101,29,No cross-fitting,11.375,288.8125,11.09375,311.28125,1200,1100,192000,480,0,1.0,1910
transfer_cube,101,43,No cross-fitting,11.375,288.8125,11.09375,311.28125,1200,1200,192000,480,0,1.0,1910
transfer_cube,211,17,No cross-fitting,11.90625,186.28125,16.25,214.4375,1200,1200,193600,484,0,0.9958333333333333,1908
transfer_cube,211,29,No cross-fitting,11.90625,186.28125,18.546875,216.734375,1200,1100,193600,484,0,0.9958333333333333,1908
transfer_cube,211,43,No cross-fitting,11.90625,186.28125,18.8125,217.0,1200,1200,193600,484,0,0.9958333333333333,1908
transfer_cube,307,17,No cross-fitting,11.09375,225.40625,18.671875,255.171875,1200,1100,193600,484,0,0.9963541666666667,1903
transfer_cube,307,29,No cross-fitting,11.09375,225.40625,17.1875,253.6875,1200,1200,193600,484,0,0.9963541666666667,1903
transfer_cube,307,43,No cross-fitting,11.09375,225.40625,16.171875,252.671875,1200,1100,193600,484,0,0.9963541666666667,1903
transfer_cube,401,17,No cross-fitting,11.0625,206.09375,14.40625,231.5625,1200,1200,192800,482,0,0.9979166666666667,1906
transfer_cube,401,29,No cross-fitting,11.0625,206.09375,14.109375,231.265625,1200,1200,192800,482,0,0.9979166666666667,1906
transfer_cube,401,43,No cross-fitting,11.0625,206.09375,14.46875,231.625,1200,1200,192800,482,0,0.9979166666666667,1906
transfer_cube,503,17,No cross-fitting,11.5625,202.5,11.234375,225.296875,1200,1200,192800,482,0,0.9979166666666667,1904
transfer_cube,503,29,No cross-fitting,11.5625,202.5,11.078125,225.140625,1200,1100,192800,482,0,0.9979166666666667,1904
transfer_cube,503,43,No cross-fitting,11.5625,202.5,11.25,225.3125,1200,1200,192800,482,0,0.9979166666666667,1904
transfer_cube,101,17,Global-time errors,55.078125,328.21875,11.390625,394.6875,1200,1200,196400,491,0,0.9885416666666667,1910
transfer_cube,101,29,Global-time errors,55.078125,328.21875,10.515625,393.8125,1200,1100,196400,491,0,0.9885416666666667,1910
transfer_cube,101,43,Global-time errors,55.078125,328.21875,15.78125,399.078125,1200,1200,196400,491,0,0.9885416666666667,1910
transfer_cube,211,17,Global-time errors,54.515625,244.484375,15.640625,314.640625,1200,1200,192800,482,0,0.9979166666666667,1908
transfer_cube,211,29,Global-time errors,54.515625,244.484375,19.15625,318.15625,1200,1100,192800,482,0,0.9979166666666667,1908
transfer_cube,211,43,Global-time errors,54.515625,244.484375,18.578125,317.578125,1200,1200,192800,482,0,0.9979166666666667,1908
transfer_cube,307,17,Global-time errors,54.671875,211.921875,16.578125,283.171875,1200,1100,194000,485,0,0.9947916666666666,1903
transfer_cube,307,29,Global-time errors,54.671875,211.921875,16.953125,283.546875,1200,1200,194000,485,0,0.9947916666666666,1903
transfer_cube,307,43,Global-time errors,54.671875,211.921875,16.6875,283.28125,1200,1100,194000,485,0,0.9947916666666666,1903
transfer_cube,401,17,Global-time errors,55.859375,165.359375,14.09375,235.3125,1200,1200,194800,487,0,0.9927083333333333,1906
transfer_cube,401,29,Global-time errors,55.859375,165.359375,14.375,235.59375,1200,1200,194800,487,0,0.9927083333333333,1906
transfer_cube,401,43,Global-time errors,55.859375,165.359375,14.296875,235.515625,1200,1200,194800,487,0,0.9927083333333333,1906
transfer_cube,503,17,Global-time errors,54.234375,158.5,11.109375,223.84375,1200,1200,192800,482,0,0.9979166666666667,1904
transfer_cube,503,29,Global-time errors,54.234375,158.5,10.953125,223.6875,1200,1100,192800,482,0,0.9979166666666667,1904
transfer_cube,503,43,Global-time errors,54.234375,158.5,15.03125,227.765625,1200,1200,192800,482,0,0.9979166666666667,1904
transfer_cube,101,17,No intermediate backtracking,55.078125,312.546875,11.484375,379.109375,1200,1200,194000,485,5,0.9895833333333334,1902
transfer_cube,101,29,No intermediate backtracking,55.078125,312.546875,10.90625,378.53125,1200,1200,194000,485,5,0.9895833333333334,1902
transfer_cube,101,43,No intermediate backtracking,55.078125,312.546875,15.21875,382.84375,1200,1200,194000,485,5,0.9895833333333334,1902
transfer_cube,211,17,No intermediate backtracking,54.515625,205.390625,15.5625,275.46875,1200,1100,194400,486,6,0.9875,1908
transfer_cube,211,29,No intermediate backtracking,54.515625,205.390625,18.828125,278.734375,1200,1100,194400,486,6,0.9875,1908
transfer_cube,211,43,No intermediate backtracking,54.515625,205.390625,18.46875,278.375,1200,1200,194400,486,6,0.9875,1908
transfer_cube,307,17,No intermediate backtracking,54.671875,236.65625,16.5,307.828125,1200,1200,196400,491,11,0.9770833333333333,1893
transfer_cube,307,29,No intermediate backtracking,54.671875,236.65625,16.78125,308.109375,1200,1200,196400,491,11,0.9770833333333333,1893
transfer_cube,307,43,No intermediate backtracking,54.671875,236.65625,16.625,307.953125,1200,1200,196400,491,11,0.9770833333333333,1893
transfer_cube,401,17,No intermediate backtracking,55.859375,196.28125,14.1875,266.328125,1200,1000,193600,484,4,0.9916666666666667,1902
transfer_cube,401,29,No intermediate backtracking,55.859375,196.28125,14.0625,266.203125,1200,1100,193600,484,4,0.9916666666666667,1902
transfer_cube,401,43,No intermediate backtracking,55.859375,196.28125,14.359375,266.5,1200,1200,193600,484,4,0.9916666666666667,1902
transfer_cube,503,17,No intermediate backtracking,54.234375,193.84375,11.15625,259.234375,1200,1200,192800,482,2,0.9958333333333333,1904
transfer_cube,503,29,No intermediate backtracking,54.234375,193.84375,11.375,259.453125,1200,1200,192800,482,2,0.9958333333333333,1904
transfer_cube,503,43,No intermediate backtracking,54.234375,193.84375,14.953125,263.03125,1200,1200,192800,482,2,0.9958333333333333,1904
transfer_cube,101,17,Gaussian CPU budget,0.0,292.84375,46.75,339.59375,6100,5400,193200,483,0,0.996875,1910
transfer_cube,101,29,Gaussian CPU budget,0.0,292.84375,46.5,339.34375,6100,5700,193200,483,0,0.996875,1910
transfer_cube,101,43,Gaussian CPU budget,0.0,292.84375,45.828125,338.671875,6000,5900,193200,483,0,0.996875,1910
transfer_cube,211,17,Gaussian CPU budget,0.0,245.0,9.71875,254.71875,1200,1200,194000,485,0,0.9953125,1908
transfer_cube,211,29,Gaussian CPU budget,0.0,245.0,10.296875,255.296875,1300,1300,194000,485,0,0.9953125,1908
transfer_cube,211,43,Gaussian CPU budget,0.0,245.0,10.234375,255.234375,1300,1300,194000,485,0,0.9953125,1908
transfer_cube,307,17,Gaussian CPU budget,0.0,210.6875,86.4375,297.125,10600,9900,195600,489,0,0.990625,1903
transfer_cube,307,29,Gaussian CPU budget,0.0,210.6875,83.59375,294.28125,10300,10200,195600,489,0,0.990625,1903
transfer_cube,307,43,Gaussian CPU budget,0.0,210.6875,82.84375,293.53125,10200,10100,195600,489,0,0.990625,1903
transfer_cube,401,17,Gaussian CPU budget,0.0,173.609375,119.25,292.859375,15500,15000,194400,486,0,0.99375,1906
transfer_cube,401,29,Gaussian CPU budget,0.0,173.609375,117.328125,290.9375,15300,15000,194400,486,0,0.99375,1906
transfer_cube,401,43,Gaussian CPU budget,0.0,173.609375,117.703125,291.3125,15000,14800,194400,486,0,0.99375,1906
transfer_cube,503,17,Gaussian CPU budget,0.0,185.359375,79.1875,264.546875,10200,10200,194800,487,0,0.9927083333333333,1904
transfer_cube,503,29,Gaussian CPU budget,0.0,185.359375,78.578125,263.9375,10300,10300,194800,487,0,0.9927083333333333,1904
transfer_cube,503,43,Gaussian CPU budget,0.0,185.359375,78.703125,264.0625,10500,10000,194800,487,0,0.9927083333333333,1904
insertion,101,17,Clean repeat,0.0,0.0,15.203125,15.203125,1200,1200,0,0,0,0.0,0
insertion,101,29,Clean repeat,0.0,0.0,14.734375,14.734375,1200,1200,0,0,0,0.0,0
insertion,101,43,Clean repeat,0.0,0.0,14.34375,14.34375,1200,1100,0,0,0,0.0,0
insertion,211,17,Clean repeat,0.0,0.0,14.125,14.125,1200,1200,0,0,0,0.0,0
insertion,211,29,Clean repeat,0.0,0.0,14.8125,14.8125,1200,1200,0,0,0,0.0,0
insertion,211,43,Clean repeat,0.0,0.0,14.96875,14.96875,1200,1200,0,0,0,0.0,0
insertion,307,17,Clean repeat,0.0,0.0,14.75,14.75,1200,1200,0,0,0,0.0,0
insertion,307,29,Clean repeat,0.0,0.0,14.609375,14.609375,1200,1200,0,0,0,0.0,0
insertion,307,43,Clean repeat,0.0,0.0,14.171875,14.171875,1200,1200,0,0,0,0.0,0
insertion,401,17,Clean repeat,0.0,0.0,13.265625,13.265625,1200,1200,0,0,0,0.0,0
insertion,401,29,Clean repeat,0.0,0.0,13.109375,13.109375,1200,1100,0,0,0,0.0,0
insertion,401,43,Clean repeat,0.0,0.0,14.34375,14.34375,1200,1100,0,0,0,0.0,0
insertion,503,17,Clean repeat,0.0,0.0,10.03125,10.03125,1200,1100,0,0,0,0.0,0
insertion,503,29,Clean repeat,0.0,0.0,10.15625,10.15625,1200,1200,0,0,0,0.0,0
insertion,503,43,Clean repeat,0.0,0.0,9.96875,9.96875,1200,1200,0,0,0,0.0,0
insertion,101,17,SCANA-R,54.1875,443.8125,15.0,513.0,1200,1100,362000,905,23,0.640625,1910
insertion,101,29,SCANA-R,54.1875,443.8125,14.4375,512.4375,1200,1200,362000,905,23,0.640625,1910
insertion,101,43,SCANA-R,54.1875,443.8125,14.90625,512.90625,1200,1200,362000,905,23,0.640625,1910
insertion,211,17,SCANA-R,53.921875,335.25,14.09375,403.265625,1200,1200,351600,879,20,0.6473958333333333,1904
insertion,211,29,SCANA-R,53.921875,335.25,15.203125,404.375,1200,1200,351600,879,20,0.6473958333333333,1904
insertion,211,43,SCANA-R,53.921875,335.25,14.546875,403.71875,1200,1200,351600,879,20,0.6473958333333333,1904
insertion,307,17,SCANA-R,54.0,602.28125,14.59375,670.875,1200,1200,365600,914,26,0.6369791666666667,1903
insertion,307,29,SCANA-R,54.0,602.28125,14.234375,670.515625,1200,1200,365600,914,26,0.6369791666666667,1903
insertion,307,43,SCANA-R,54.0,602.28125,14.15625,670.4375,1200,1200,365600,914,26,0.6369791666666667,1903
insertion,401,17,SCANA-R,49.6875,545.34375,13.234375,608.265625,1200,1200,357200,893,25,0.6447916666666667,1895
insertion,401,29,SCANA-R,49.6875,545.34375,12.84375,607.875,1200,1200,357200,893,25,0.6447916666666667,1895
insertion,401,43,SCANA-R,49.6875,545.34375,14.40625,609.4375,1200,1000,357200,893,25,0.6447916666666667,1895
insertion,503,17,SCANA-R,50.078125,519.625,9.765625,579.46875,1200,1200,372400,931,32,0.61875,1899
insertion,503,29,SCANA-R,50.078125,519.625,10.359375,580.0625,1200,1200,372400,931,32,0.61875,1899
insertion,503,43,SCANA-R,50.078125,519.625,10.15625,579.859375,1200,1200,372400,931,32,0.61875,1899
insertion,101,17,Gaussian recovery,0.0,457.09375,15.328125,472.421875,1200,1200,355200,888,35,0.6484375,1909
insertion,101,29,Gaussian recovery,0.0,457.09375,14.453125,471.546875,1200,1200,355200,888,35,0.6484375,1909
insertion,101,43,Gaussian recovery,0.0,457.09375,14.25,471.34375,1200,1100,355200,888,35,0.6484375,1909
insertion,211,17,Gaussian recovery,0.0,340.71875,14.046875,354.765625,1200,1200,357200,893,32,0.6453125,1904
insertion,211,29,Gaussian recovery,0.0,340.71875,14.953125,355.671875,1200,1200,357200,893,32,0.6453125,1904
insertion,211,43,Gaussian recovery,0.0,340.71875,14.546875,355.265625,1200,1100,357200,893,32,0.6453125,1904
insertion,307,17,Gaussian recovery,0.0,548.4375,14.53125,562.96875,1200,1200,346000,865,30,0.6677083333333333,1902
insertion,307,29,Gaussian recovery,0.0,548.4375,14.21875,562.65625,1200,1200,346000,865,30,0.6677083333333333,1902
insertion,307,43,Gaussian recovery,0.0,548.4375,13.828125,562.265625,1200,1100,346000,865,30,0.6677083333333333,1902
insertion,401,17,Gaussian recovery,0.0,606.859375,13.28125,620.140625,1200,1100,359200,898,35,0.6427083333333333,1904
insertion,401,29,Gaussian recovery,0.0,606.859375,14.6875,621.546875,1200,1200,359200,898,35,0.6427083333333333,1904
insertion,401,43,Gaussian recovery,0.0,606.859375,14.28125,621.140625,1200,1000,359200,898,35,0.6427083333333333,1904
insertion,503,17,Gaussian recovery,0.0,556.671875,10.046875,566.71875,1200,1200,367200,918,50,0.628125,1899
insertion,503,29,Gaussian recovery,0.0,556.671875,10.4375,567.109375,1200,1200,367200,918,50,0.628125,1899
insertion,503,43,Gaussian recovery,0.0,556.671875,9.40625,566.078125,1200,1100,367200,918,50,0.628125,1899
insertion,101,17,No cross-fitting,10.78125,452.953125,15.453125,479.1875,1200,1200,385600,964,29,0.6072916666666667,1906
insertion,101,29,No cross-fitting,10.78125,452.953125,14.25,477.984375,1200,1100,385600,964,29,0.6072916666666667,1906
insertion,101,43,No cross-fitting,10.78125,452.953125,14.25,477.984375,1200,1200,385600,964,29,0.6072916666666667,1906
insertion,211,17,No cross-fitting,11.5625,342.8125,14.15625,368.53125,1200,1200,360400,901,12,0.6333333333333333,1900
insertion,211,29,No cross-fitting,11.5625,342.8125,15.015625,369.390625,1200,1200,360400,901,12,0.6333333333333333,1900
insertion,211,43,No cross-fitting,11.5625,342.8125,14.71875,369.09375,1200,1200,360400,901,12,0.6333333333333333,1900
insertion,307,17,No cross-fitting,11.15625,613.78125,14.46875,639.40625,1200,1200,385200,963,30,0.6036458333333333,1892
insertion,307,29,No cross-fitting,11.15625,613.78125,14.234375,639.171875,1200,1200,385200,963,30,0.6036458333333333,1892
insertion,307,43,No cross-fitting,11.15625,613.78125,14.140625,639.078125,1200,1200,385200,963,30,0.6036458333333333,1892
insertion,401,17,No cross-fitting,10.4375,487.671875,13.171875,511.28125,1200,1200,356000,890,31,0.6520833333333333,1897
insertion,401,29,No cross-fitting,10.4375,487.671875,14.484375,512.59375,1200,1100,356000,890,31,0.6520833333333333,1897
insertion,401,43,No cross-fitting,10.4375,487.671875,14.3125,512.421875,1200,1200,356000,890,31,0.6520833333333333,1897
insertion,503,17,No cross-fitting,9.703125,586.28125,10.25,606.234375,1200,1200,368400,921,25,0.63125,1904
insertion,503,29,No cross-fitting,9.703125,586.28125,10.28125,606.265625,1200,1200,368400,921,25,0.63125,1904
insertion,503,43,No cross-fitting,9.703125,586.28125,9.1875,605.171875,1200,1200,368400,921,25,0.63125,1904
insertion,101,17,Global-time errors,54.1875,385.515625,15.15625,454.859375,1200,1200,378400,946,26,0.6140625,1897
insertion,101,29,Global-time errors,54.1875,385.515625,14.140625,453.84375,1200,1200,378400,946,26,0.6140625,1897
insertion,101,43,Global-time errors,54.1875,385.515625,14.109375,453.8125,1200,1200,378400,946,26,0.6140625,1897
insertion,211,17,Global-time errors,53.921875,398.21875,14.78125,466.921875,1200,1100,374400,936,20,0.6161458333333333,1908
insertion,211,29,Global-time errors,53.921875,398.21875,14.9375,467.078125,1200,1100,374400,936,20,0.6161458333333333,1908
insertion,211,43,Global-time errors,53.921875,398.21875,15.046875,467.1875,1200,1200,374400,936,20,0.6161458333333333,1908
insertion,307,17,Global-time errors,54.0,538.75,14.546875,607.296875,1200,1200,370800,927,28,0.6255208333333333,1898
insertion,307,29,Global-time errors,54.0,538.75,14.359375,607.109375,1200,1200,370800,927,28,0.6255208333333333,1898
insertion,307,43,Global-time errors,54.0,538.75,14.125,606.875,1200,1200,370800,927,28,0.6255208333333333,1898
insertion,401,17,Global-time errors,49.6875,475.578125,13.640625,538.90625,1200,1200,372000,930,23,0.6161458333333333,1897
insertion,401,29,Global-time errors,49.6875,475.578125,14.390625,539.65625,1200,1100,372000,930,23,0.6161458333333333,1897
insertion,401,43,Global-time errors,49.6875,475.578125,9.90625,535.171875,1200,1100,372000,930,23,0.6161458333333333,1897
insertion,503,17,Global-time errors,50.078125,617.453125,10.140625,677.671875,1200,1100,379200,948,27,0.6052083333333333,1899
insertion,503,29,Global-time errors,50.078125,617.453125,10.078125,677.609375,1200,1100,379200,948,27,0.6052083333333333,1899
insertion,503,43,Global-time errors,50.078125,617.453125,9.078125,676.609375,1200,1200,379200,948,27,0.6052083333333333,1899
insertion,101,17,No intermediate backtracking,54.1875,321.140625,15.484375,390.8125,1200,1200,298000,745,265,0.4479166666666667,1774
insertion,101,29,No intermediate backtracking,54.1875,321.140625,14.15625,389.484375,1200,1200,298000,745,265,0.4479166666666667,1774
insertion,101,43,No intermediate backtracking,54.1875,321.140625,13.96875,389.296875,1200,1200,298000,745,265,0.4479166666666667,1774
insertion,211,17,No intermediate backtracking,53.921875,457.375,14.984375,526.28125,1200,1200,303200,758,278,0.42083333333333334,1758
insertion,211,29,No intermediate backtracking,53.921875,457.375,15.21875,526.515625,1200,1200,303200,758,278,0.42083333333333334,1758
insertion,211,43,No intermediate backtracking,53.921875,457.375,14.578125,525.875,1200,1000,303200,758,278,0.42083333333333334,1758
insertion,307,17,No intermediate backtracking,54.0,456.203125,14.234375,524.4375,1200,1200,297200,743,263,0.45208333333333334,1792
insertion,307,29,No intermediate backtracking,54.0,456.203125,14.140625,524.34375,1200,1200,297200,743,263,0.45208333333333334,1792
insertion,307,43,No intermediate backtracking,54.0,456.203125,13.921875,524.125,1200,1100,297200,743,263,0.45208333333333334,1792
insertion,401,17,No intermediate backtracking,49.6875,454.28125,13.109375,517.078125,1200,1200,299600,749,269,0.4395833333333333,1791
insertion,401,29,No intermediate backtracking,49.6875,454.28125,14.421875,518.390625,1200,1200,299600,749,269,0.4395833333333333,1791
insertion,401,43,No intermediate backtracking,49.6875,454.28125,9.890625,513.859375,1200,1100,299600,749,269,0.4395833333333333,1791
insertion,503,17,No intermediate backtracking,50.078125,614.296875,10.109375,674.484375,1200,1100,304400,761,281,0.41458333333333336,1746
insertion,503,29,No intermediate backtracking,50.078125,614.296875,10.328125,674.703125,1200,1100,304400,761,281,0.41458333333333336,1746
insertion,503,43,No intermediate backtracking,50.078125,614.296875,9.171875,673.546875,1200,1100,304400,761,281,0.41458333333333336,1746
insertion,101,17,Gaussian CPU budget,0.0,457.09375,56.328125,513.421875,8000,6000,355200,888,35,0.6484375,1909
insertion,101,29,Gaussian CPU budget,0.0,457.09375,55.671875,512.765625,7700,7500,355200,888,35,0.6484375,1909
insertion,101,43,Gaussian CPU budget,0.0,457.09375,56.296875,513.390625,6700,6400,355200,888,35,0.6484375,1909
insertion,211,17,Gaussian CPU budget,0.0,340.71875,62.546875,403.265625,7500,6300,357200,893,32,0.6453125,1904
insertion,211,29,Gaussian CPU budget,0.0,340.71875,63.9375,404.65625,7600,7200,357200,893,32,0.6453125,1904
insertion,211,43,Gaussian CPU budget,0.0,340.71875,63.859375,404.578125,7500,6500,357200,893,32,0.6453125,1904
insertion,307,17,Gaussian CPU budget,0.0,548.4375,122.890625,671.328125,18600,15200,346000,865,30,0.6677083333333333,1902
insertion,307,29,Gaussian CPU budget,0.0,548.4375,122.203125,670.640625,19000,13400,346000,865,30,0.6677083333333333,1902
insertion,307,43,Gaussian CPU budget,0.0,548.4375,122.234375,670.671875,21600,13800,346000,865,30,0.6677083333333333,1902
insertion,401,17,Gaussian CPU budget,0.0,606.859375,10.78125,617.640625,1200,1100,359200,898,35,0.6427083333333333,1904
insertion,401,29,Gaussian CPU budget,0.0,606.859375,10.046875,616.90625,1200,1200,359200,898,35,0.6427083333333333,1904
insertion,401,43,Gaussian CPU budget,0.0,606.859375,9.953125,616.8125,1200,1000,359200,898,35,0.6427083333333333,1904
insertion,503,17,Gaussian CPU budget,0.0,556.671875,22.84375,579.515625,2700,2300,367200,918,50,0.628125,1899
insertion,503,29,Gaussian CPU budget,0.0,556.671875,23.40625,580.078125,2800,2700,367200,918,50,0.628125,1899
insertion,503,43,Gaussian CPU budget,0.0,556.671875,23.59375,580.265625,2900,2900,367200,918,50,0.628125,1899
