task,method,condition,success,terminal_success,action_step_rms,prediction_noise_rms,reach_reward_1,reach_reward_2,reach_reward_3,reach_reward_4
insertion,Calibrated recovery,noise_joints,0.58,0.52,0.01600197491236026,0.003673798869533993,0.96,0.96,0.86,0.58
insertion,Calibrated recovery,noise_low_support,0.57,0.56,0.014994896724820088,0.0,0.97,0.97,0.88,0.57
insertion,Calibrated recovery,noise_objects,0.39,0.27,0.01719382569193835,0.008936590657082657,0.96,0.95,0.81,0.39
insertion,Calibrated recovery,noise_supported,0.47,0.28,0.01703965040855105,0.009888365751302574,0.97,0.96,0.81,0.47
insertion,Calibrated recovery,nominal,0.57,0.56,0.014994896724820088,0.0,0.97,0.97,0.88,0.57
insertion,Calibrated recovery,observation_noise,0.47,0.28,0.01703965040855105,0.009888365751302574,0.97,0.96,0.81,0.47
insertion,Calibrated recovery,replan_1,0.15,0.14,0.00697093462804328,0.0,0.38,0.36,0.29,0.15
insertion,Calibrated recovery,replan_16,0.74,0.68,0.01538298667408521,0.0,0.96,0.96,0.92,0.74
insertion,Calibrated recovery,replan_1_ensemble,0.59,0.57,0.008036975732444364,0.0,0.99,0.98,0.96,0.59
insertion,Gaussian recovery,noise_joints,0.42,0.13,0.014339285288006019,0.0036079854847280678,0.99,0.99,0.72,0.42
insertion,Gaussian recovery,noise_low_support,0.37,0.21,0.014274462275206996,0.0,0.99,0.99,0.66,0.37
insertion,Gaussian recovery,noise_objects,0.43,0.1,0.014918689010664773,0.007777022562111911,1.0,1.0,0.7,0.43
insertion,Gaussian recovery,noise_supported,0.4,0.11,0.015252344263717481,0.008768318567820777,1.0,1.0,0.67,0.4
insertion,Gaussian recovery,nominal,0.37,0.21,0.014274462275206996,0.0,0.99,0.99,0.66,0.37
insertion,Gaussian recovery,observation_noise,0.4,0.11,0.015252344263717481,0.008768318567820777,1.0,1.0,0.67,0.4
insertion,Gaussian recovery,replan_1,0.17,0.11,0.00663523173192511,0.0,0.6,0.57,0.41,0.17
insertion,Gaussian recovery,replan_16,0.59,0.42,0.01372317123226816,0.0,0.99,0.99,0.8,0.59
insertion,Gaussian recovery,replan_1_ensemble,0.32,0.17,0.00800814224729339,0.0,1.0,1.0,0.66,0.32
transfer_cube,Calibrated recovery,noise_joints,0.0,0.0,0.07169058110564942,0.0814042100288672,0.29,0.13,0.0,0.0
transfer_cube,Calibrated recovery,noise_low_support,0.0,0.0,0.0729161278530955,0.0763291581829108,0.3,0.17,0.0,0.0
transfer_cube,Calibrated recovery,noise_objects,0.89,0.89,0.017774581415578673,0.003830037819890955,0.99,0.96,0.89,0.89
transfer_cube,Calibrated recovery,noise_supported,0.65,0.6,0.030056764595210513,0.01301147000580599,0.98,0.92,0.65,0.65
transfer_cube,Calibrated recovery,nominal,0.9,0.9,0.017329190345480985,0.0,0.99,0.94,0.9,0.9
transfer_cube,Calibrated recovery,observation_noise,0.0,0.0,0.07136111434549089,0.08204159794309959,0.26,0.16,0.0,0.0
transfer_cube,Calibrated recovery,replan_1,0.27,0.13,0.011389837402384681,0.0,0.34,0.28,0.27,0.27
transfer_cube,Calibrated recovery,replan_16,0.94,0.94,0.015675854347646186,0.0,1.0,0.96,0.94,0.94
transfer_cube,Calibrated recovery,replan_1_ensemble,0.91,0.91,0.008954912531562345,0.0,0.97,0.94,0.91,0.91
transfer_cube,Gaussian recovery,noise_joints,0.77,0.72,0.022119778972119048,0.009751024254014145,0.95,0.9,0.77,0.77
transfer_cube,Gaussian recovery,noise_low_support,0.81,0.81,0.02029539882205422,0.006511735592684219,0.96,0.93,0.81,0.81
transfer_cube,Gaussian recovery,noise_objects,0.83,0.83,0.018786960430443235,0.0034052850179257283,0.95,0.92,0.83,0.83
transfer_cube,Gaussian recovery,noise_supported,0.8,0.8,0.02137401646003122,0.007232904437435303,0.93,0.92,0.8,0.8
transfer_cube,Gaussian recovery,nominal,0.82,0.8,0.01865406822413201,0.0,0.97,0.93,0.82,0.82
transfer_cube,Gaussian recovery,observation_noise,0.77,0.76,0.02204496752470727,0.010603004654752977,0.95,0.9,0.77,0.77
transfer_cube,Gaussian recovery,replan_1,0.32,0.32,0.02170984531287099,0.0,0.45,0.43,0.32,0.32
transfer_cube,Gaussian recovery,replan_16,0.93,0.93,0.014888166198506903,0.0,1.0,0.95,0.93,0.93
transfer_cube,Gaussian recovery,replan_1_ensemble,0.55,0.55,0.009317877912195243,0.0,0.63,0.6,0.55,0.55
