task,reference,difference,low,high,family_low,family_high
reach-v3,Clean repeat,-0.016666666666666666,-0.06666666666666665,0.022222222222222254,-0.0888888888888889,0.050000000000000044
reach-v3,Gaussian recovery,0.005555555555555556,-0.03888888888888886,0.06666666666666665,-0.06666666666666665,0.10000000000000009
push-v3,Clean repeat,-0.07222222222222222,-0.25555555555555554,0.08333333333333337,-0.3277777777777778,0.1444444444444445
push-v3,Gaussian recovery,0.027777777777777776,-0.04458333333333327,0.11111111111111116,-0.08520833333333332,0.1611111111111111
pick-place-v3,Clean repeat,-0.12777777777777777,-0.288888888888889,0.03888888888888886,-0.35555555555555557,0.10555555555555556
pick-place-v3,Gaussian recovery,-0.011111111111111112,-0.12222222222222223,0.09444444444444444,-0.17777777777777773,0.1333333333333333
door-open-v3,Clean repeat,0.022222222222222223,-0.033333333333333326,0.10555555555555562,-0.06666666666666665,0.15555555555555556
door-open-v3,Gaussian recovery,0.0,0.0,0.0,0.0,0.0
drawer-open-v3,Clean repeat,0.0,0.0,0.0,0.0,0.0
drawer-open-v3,Gaussian recovery,0.0,0.0,0.0,0.0,0.0
button-press-v3,Clean repeat,0.0,0.0,0.0,0.0,0.0
button-press-v3,Gaussian recovery,0.0,0.0,0.0,0.0,0.0
Macro-average,Clean repeat,-0.03240740740740744,-0.07500000000000001,0.009259259259259245,-0.08148148148148149,0.01390046296296366
Macro-average,Gaussian recovery,0.003703703703703709,-0.019444444444444486,0.026851851851851866,-0.024074074074074043,0.031481481481481464
