task,method,reference,difference,low,high,family_low,family_high,positive_banks,bank_differences
transfer_cube,SCANA-R,Clean repeat,0.2633333333333333,0.11333333333333333,0.41,0.09333333333333334,0.43670833333333575,5,"[0.23333333333333334, 0.16666666666666666, 0.25, 0.31666666666666665, 0.35]"
transfer_cube,SCANA-R,Gaussian recovery,0.08,0.01,0.17333333333333334,-0.0033333333333333335,0.19,5,"[0.08333333333333333, 0.05, 0.1, 0.06666666666666667, 0.1]"
transfer_cube,SCANA-R,No cross-fitting,0.013333333333333334,-0.05,0.07666666666666666,-0.06333333333333334,0.09333333333333334,2,"[0.0, -0.05, 0.06666666666666667, 0.0, 0.05]"
transfer_cube,SCANA-R,Global-time errors,0.056666666666666664,-0.013333333333333334,0.15333333333333332,-0.02666666666666667,0.16666666666666666,4,"[0.05, -0.016666666666666666, 0.08333333333333333, 0.05, 0.11666666666666667]"
transfer_cube,SCANA-R,No intermediate backtracking,-0.0033333333333333335,-0.02666666666666667,0.013333333333333334,-0.03333333333333333,0.02,0,"[0.0, 0.0, 0.0, -0.016666666666666666, 0.0]"
transfer_cube,SCANA-R,Gaussian CPU budget,-0.03,-0.11666666666666667,0.06,-0.13333333333333333,0.08,1,"[-0.05, 0.08333333333333333, -0.1, -0.06666666666666667, -0.016666666666666666]"
insertion,SCANA-R,Clean repeat,0.19666666666666666,0.043333333333333335,0.34,0.02,0.36333333333333334,5,"[0.23333333333333334, 0.15, 0.3, 0.18333333333333332, 0.11666666666666667]"
insertion,SCANA-R,Gaussian recovery,0.11,-0.04666666666666667,0.26,-0.0667083333333333,0.2866666666666667,5,"[0.05, 0.06666666666666667, 0.15, 0.15, 0.13333333333333333]"
insertion,SCANA-R,No cross-fitting,-0.08,-0.21666666666666667,0.056666666666666664,-0.23666666666666666,0.08,1,"[0.03333333333333333, -0.13333333333333333, -0.1, -0.11666666666666667, -0.08333333333333333]"
insertion,SCANA-R,Global-time errors,0.023333333333333334,-0.11,0.16666666666666666,-0.13333333333333333,0.19,3,"[-0.016666666666666666, 0.06666666666666667, 0.1, -0.11666666666666667, 0.08333333333333333]"
insertion,SCANA-R,No intermediate backtracking,0.17,0.02666666666666667,0.32,0.0033333333333333335,0.3433333333333333,5,"[0.2, 0.11666666666666667, 0.21666666666666667, 0.18333333333333332, 0.13333333333333333]"
insertion,SCANA-R,Gaussian CPU budget,-0.05,-0.23333333333333334,0.13008333333333214,-0.26,0.16,1,"[-0.08333333333333333, -0.1, -0.05, 0.15, -0.16666666666666666]"
