task,method,successes,episodes,mean,low,high,bank_sd
transfer_cube,Clean repeat,190,300,0.6333333333333333,0.4866666666666667,0.78,0.057735026918962554
transfer_cube,SCANA-R,269,300,0.8966666666666666,0.7766666666666666,0.9866666666666667,0.02472066162365221
transfer_cube,Gaussian recovery,245,300,0.8166666666666667,0.6733333333333333,0.9366666666666666,0.028867513459481284
transfer_cube,No cross-fitting,265,300,0.8833333333333333,0.7566666666666667,0.9766666666666667,0.04999999999999999
transfer_cube,Global-time errors,252,300,0.84,0.7033333333333334,0.9466666666666667,0.04346134936801767
transfer_cube,No intermediate backtracking,270,300,0.9,0.78,0.9866666666666667,0.02635231383473649
transfer_cube,Gaussian CPU budget,278,300,0.9266666666666666,0.8033333333333333,1.0,0.0712974987873581
insertion,Clean repeat,90,300,0.3,0.18333333333333332,0.4266666666666667,0.048591265790377494
insertion,SCANA-R,149,300,0.49666666666666665,0.35325000000000006,0.64,0.04472135954999579
insertion,Gaussian recovery,116,300,0.38666666666666666,0.27,0.5067499999999988,0.050552502960343686
insertion,No cross-fitting,173,300,0.5766666666666667,0.42333333333333334,0.71,0.09398581453247788
insertion,Global-time errors,142,300,0.47333333333333333,0.33666666666666667,0.6133333333333333,0.09174239296348591
insertion,No intermediate backtracking,98,300,0.32666666666666666,0.21,0.45,0.04346134936801767
insertion,Gaussian CPU budget,164,300,0.5466666666666666,0.4,0.69,0.1132843031197762
