task,method,lifted_no_plate_approach,lifted_plate_approach_goal_failed,no_lift_proxy,successful
0,clean_repeat,2,1,5,52
0,gaussian_recovery,3,0,10,47
0,gaussian_same_total_cost,3,4,10,43
0,scana_r,2,0,7,51
1,clean_repeat,7,1,2,50
1,gaussian_recovery,3,1,6,50
1,gaussian_same_total_cost,2,3,7,48
1,scana_r,6,0,7,47
2,clean_repeat,3,2,1,54
2,gaussian_recovery,2,1,5,52
2,gaussian_same_total_cost,1,1,6,52
2,scana_r,7,3,4,46
3,clean_repeat,1,1,4,54
3,gaussian_recovery,2,1,5,52
3,gaussian_same_total_cost,2,0,7,51
3,scana_r,1,2,4,53
4,clean_repeat,1,0,12,47
4,gaussian_recovery,1,1,14,44
4,gaussian_same_total_cost,3,1,16,40
4,scana_r,0,1,13,46
5,clean_repeat,3,5,6,46
5,gaussian_recovery,7,4,12,37
5,gaussian_same_total_cost,9,7,12,32
5,scana_r,4,4,6,46
6,clean_repeat,0,2,4,54
6,gaussian_recovery,0,2,11,47
6,gaussian_same_total_cost,3,2,9,46
6,scana_r,2,2,4,52
7,clean_repeat,1,1,33,25
7,gaussian_recovery,4,1,40,15
7,gaussian_same_total_cost,4,2,31,23
7,scana_r,4,0,37,19
8,clean_repeat,1,1,7,51
8,gaussian_recovery,1,0,6,53
8,gaussian_same_total_cost,0,1,6,53
8,scana_r,2,2,7,49
9,clean_repeat,8,0,27,25
9,gaussian_recovery,5,1,27,27
9,gaussian_same_total_cost,5,1,20,34
9,scana_r,4,1,30,25
