task,location,clean_repeat,clean_repeat_sd,clean_repeat_successes,gaussian_recovery,gaussian_recovery_sd,gaussian_recovery_successes,scana_r,scana_r_sd,scana_r_successes,gaussian_same_total_cost,gaussian_same_total_cost_sd,gaussian_same_total_cost_successes
0,Between plate and ramekin,86.66666666666667,10.408329997330664,52,78.33333333333333,7.637626158259734,47,85.0,8.660254037844387,51,71.66666666666667,5.773502691896257,43
1,Next to ramekin,83.33333333333333,10.408329997330664,50,83.33333333333333,16.072751268321593,50,78.33333333333333,5.773502691896257,47,80.0,10.0,48
2,Table center,90.0,5.0,54,86.66666666666667,2.8867513459481287,52,76.66666666666667,23.62907813126304,46,86.66666666666667,10.408329997330664,52
3,On cookie box,90.0,5.0,54,86.66666666666667,12.583057392117917,52,88.33333333333333,7.637626158259734,53,85.0,5.0,51
4,Inside top drawer,78.33333333333333,14.433756729740644,47,73.33333333333333,12.583057392117917,44,76.66666666666667,10.408329997330664,46,66.66666666666667,15.275252316519467,40
5,On ramekin,76.66666666666667,12.583057392117917,46,61.666666666666664,12.583057392117917,37,76.66666666666667,16.072751268321593,46,53.333333333333336,10.408329997330664,32
6,Next to cookie box,90.0,10.0,54,78.33333333333333,14.433756729740644,47,86.66666666666667,10.408329997330664,52,76.66666666666667,12.583057392117917,46
7,On stove,41.666666666666664,20.81665999466133,25,25.0,17.320508075688775,15,31.666666666666668,14.433756729740644,19,38.333333333333336,11.547005383792515,23
8,Next to plate,85.0,0.0,51,88.33333333333333,2.8867513459481287,53,81.66666666666667,5.773502691896257,49,88.33333333333333,5.773502691896257,53
9,On wooden cabinet,41.666666666666664,12.58305739211792,25,45.0,10.000000000000004,27,41.666666666666664,12.58305739211792,25,56.666666666666664,2.8867513459481247,34
