task,scenario,metric,method,mean,seed_sd,low,high,n_policy_seeds,layouts_per_task,successes,rollouts
reach-v3,nominal,success,Clean repeat,0.91,0.04183300132670376,0.78,1.0,5,20,91,100
reach-v3,nominal,success,Gaussian recovery,0.87,0.05700877125495687,0.73,0.98,5,20,87,100
reach-v3,nominal,success,Frozen observations,0.85,0.04999999999999999,0.6897500000000001,0.98,5,20,85,100
reach-v3,nominal,success,SCANA-R,0.85,0.04999999999999999,0.6897500000000001,0.98,5,20,85,100
reach-v3,nominal,success,Demonstration kNN,0.4,0.03535533905932738,0.2,0.61,5,20,40,100
push-v3,nominal,success,Clean repeat,0.88,0.05700877125495687,0.73,1.0,5,20,88,100
push-v3,nominal,success,Gaussian recovery,0.84,0.08215838362577495,0.68,0.97,5,20,84,100
push-v3,nominal,success,Frozen observations,0.86,0.08944271909999159,0.7,0.97,5,20,86,100
push-v3,nominal,success,SCANA-R,0.85,0.04999999999999999,0.7,0.97,5,20,85,100
push-v3,nominal,success,Demonstration kNN,0.31,0.04183300132670377,0.14,0.5,5,20,31,100
pick-place-v3,nominal,success,Clean repeat,0.72,0.04472135954999579,0.55,0.87,5,20,72,100
pick-place-v3,nominal,success,Gaussian recovery,0.7,0.11180339887498945,0.51,0.87,5,20,70,100
pick-place-v3,nominal,success,Frozen observations,0.76,0.11401754250991379,0.58,0.92,5,20,76,100
pick-place-v3,nominal,success,SCANA-R,0.68,0.08366600265340758,0.51,0.84,5,20,68,100
pick-place-v3,nominal,success,Demonstration kNN,0.23,0.0758287544405155,0.08,0.4,5,20,23,100
door-open-v3,nominal,success,Clean repeat,1.0,0.0,1.0,1.0,5,20,100,100
door-open-v3,nominal,success,Gaussian recovery,1.0,0.0,1.0,1.0,5,20,100,100
door-open-v3,nominal,success,Frozen observations,1.0,0.0,1.0,1.0,5,20,100,100
door-open-v3,nominal,success,SCANA-R,0.99,0.022360679774997918,0.94,1.0,5,20,99,100
door-open-v3,nominal,success,Demonstration kNN,1.0,0.0,1.0,1.0,5,20,100,100
drawer-open-v3,nominal,success,Clean repeat,1.0,0.0,1.0,1.0,5,20,100,100
drawer-open-v3,nominal,success,Gaussian recovery,1.0,0.0,1.0,1.0,5,20,100,100
drawer-open-v3,nominal,success,Frozen observations,1.0,0.0,1.0,1.0,5,20,100,100
drawer-open-v3,nominal,success,SCANA-R,1.0,0.0,1.0,1.0,5,20,100,100
drawer-open-v3,nominal,success,Demonstration kNN,1.0,0.0,1.0,1.0,5,20,100,100
button-press-v3,nominal,success,Clean repeat,1.0,0.0,1.0,1.0,5,20,100,100
button-press-v3,nominal,success,Gaussian recovery,1.0,0.0,1.0,1.0,5,20,100,100
button-press-v3,nominal,success,Frozen observations,1.0,0.0,1.0,1.0,5,20,100,100
button-press-v3,nominal,success,SCANA-R,1.0,0.0,1.0,1.0,5,20,100,100
button-press-v3,nominal,success,Demonstration kNN,1.0,0.0,1.0,1.0,5,20,100,100
Macro average,nominal,success,Clean repeat,0.9183333333333334,0.012360330811826158,0.8666666666666667,0.9633333333333333,5,20,,600
Macro average,nominal,success,Gaussian recovery,0.9016666666666667,0.03505947327993776,0.8449999999999999,0.955,5,20,,600
Macro average,nominal,success,Frozen observations,0.9116666666666667,0.027386127875258386,0.8566666666666666,0.96,5,20,,600
Macro average,nominal,success,SCANA-R,0.8949999999999999,0.022515426810177173,0.8433333333333333,0.9433333333333332,5,20,,600
Macro average,nominal,success,Demonstration kNN,0.6566666666666667,0.018066236157232372,0.5966666666666667,0.7233333333333334,5,20,,600
reach-v3,nominal,terminal_success,Clean repeat,0.73,0.05700877125495691,0.55,0.89,5,20,73,100
reach-v3,nominal,terminal_success,Gaussian recovery,0.75,0.12247448713915887,0.57,0.91,5,20,75,100
reach-v3,nominal,terminal_success,Frozen observations,0.77,0.09082951062292476,0.58,0.93,5,20,77,100
reach-v3,nominal,terminal_success,SCANA-R,0.75,0.09354143466934851,0.56,0.91,5,20,75,100
reach-v3,nominal,terminal_success,Demonstration kNN,0.37,0.02738612787525833,0.17,0.58,5,20,37,100
push-v3,nominal,terminal_success,Clean repeat,0.87,0.057008771254956875,0.72,0.98,5,20,87,100
push-v3,nominal,terminal_success,Gaussian recovery,0.81,0.11937336386313323,0.63,0.95,5,20,81,100
push-v3,nominal,terminal_success,Frozen observations,0.84,0.08944271909999159,0.67,0.97,5,20,84,100
push-v3,nominal,terminal_success,SCANA-R,0.84,0.0651920240520265,0.68,0.97,5,20,84,100
push-v3,nominal,terminal_success,Demonstration kNN,0.29,0.06519202405202647,0.12,0.48,5,20,29,100
pick-place-v3,nominal,terminal_success,Clean repeat,0.59,0.08944271909999159,0.41,0.76,5,20,59,100
pick-place-v3,nominal,terminal_success,Gaussian recovery,0.56,0.0961769203083567,0.38,0.73,5,20,56,100
pick-place-v3,nominal,terminal_success,Frozen observations,0.6,0.06123724356957946,0.43,0.76,5,20,60,100
pick-place-v3,nominal,terminal_success,SCANA-R,0.57,0.11510864433221338,0.37,0.75,5,20,57,100
pick-place-v3,nominal,terminal_success,Demonstration kNN,0.13,0.044721359549995794,0.02,0.25,5,20,13,100
door-open-v3,nominal,terminal_success,Clean repeat,0.97,0.04472135954999579,0.89,1.0,5,20,97,100
door-open-v3,nominal,terminal_success,Gaussian recovery,0.97,0.04472135954999579,0.88,1.0,5,20,97,100
door-open-v3,nominal,terminal_success,Frozen observations,0.96,0.04183300132670378,0.88,1.0,5,20,96,100
door-open-v3,nominal,terminal_success,SCANA-R,0.98,0.02738612787525833,0.92,1.0,5,20,98,100
door-open-v3,nominal,terminal_success,Demonstration kNN,0.99,0.022360679774997918,0.94,1.0,5,20,99,100
drawer-open-v3,nominal,terminal_success,Clean repeat,0.95,0.11180339887498947,0.82,1.0,5,20,95,100
drawer-open-v3,nominal,terminal_success,Gaussian recovery,1.0,0.0,1.0,1.0,5,20,100,100
drawer-open-v3,nominal,terminal_success,Frozen observations,0.99,0.022360679774997918,0.94,1.0,5,20,99,100
drawer-open-v3,nominal,terminal_success,SCANA-R,0.99,0.022360679774997918,0.94,1.0,5,20,99,100
drawer-open-v3,nominal,terminal_success,Demonstration kNN,1.0,0.0,1.0,1.0,5,20,100,100
button-press-v3,nominal,terminal_success,Clean repeat,1.0,0.0,1.0,1.0,5,20,100,100
button-press-v3,nominal,terminal_success,Gaussian recovery,1.0,0.0,1.0,1.0,5,20,100,100
button-press-v3,nominal,terminal_success,Frozen observations,1.0,0.0,1.0,1.0,5,20,100,100
button-press-v3,nominal,terminal_success,SCANA-R,1.0,0.0,1.0,1.0,5,20,100,100
button-press-v3,nominal,terminal_success,Demonstration kNN,1.0,0.0,1.0,1.0,5,20,100,100
Macro average,nominal,terminal_success,Clean repeat,0.8516666666666666,0.02527625148017186,0.7933333333333333,0.9067083333333329,5,20,,600
Macro average,nominal,terminal_success,Gaussian recovery,0.8483333333333333,0.036987235035286885,0.7916666666666665,0.9033333333333333,5,20,,600
Macro average,nominal,terminal_success,Frozen observations,0.86,0.02595401917066241,0.8000000000000002,0.9133333333333334,5,20,,600
Macro average,nominal,terminal_success,SCANA-R,0.8549999999999999,0.03845993586404778,0.7933333333333334,0.9133333333333333,5,20,,600
Macro average,nominal,terminal_success,Demonstration kNN,0.63,0.01624465724134834,0.5716666666666668,0.6949999999999998,5,20,,600
reach-v3,pulse,success,Clean repeat,0.96,0.022360679774997918,0.85,1.0,5,20,96,100
reach-v3,pulse,success,Gaussian recovery,0.92,0.04472135954999577,0.8,1.0,5,20,92,100
reach-v3,pulse,success,Frozen observations,0.94,0.02236067977499787,0.83,1.0,5,20,94,100
reach-v3,pulse,success,SCANA-R,0.94,0.04183300132670376,0.82,1.0,5,20,94,100
reach-v3,pulse,success,Demonstration kNN,0.38,0.044721359549995815,0.18,0.59,5,20,38,100
push-v3,pulse,success,Clean repeat,0.89,0.04183300132670377,0.75,1.0,5,20,89,100
push-v3,pulse,success,Gaussian recovery,0.84,0.08215838362577495,0.68,0.97,5,20,84,100
push-v3,pulse,success,Frozen observations,0.86,0.08944271909999159,0.7,0.97,5,20,86,100
push-v3,pulse,success,SCANA-R,0.85,0.04999999999999999,0.7,0.97,5,20,85,100
push-v3,pulse,success,Demonstration kNN,0.32,0.05700877125495691,0.15,0.52,5,20,32,100
pick-place-v3,pulse,success,Clean repeat,0.73,0.05700877125495691,0.56,0.88,5,20,73,100
pick-place-v3,pulse,success,Gaussian recovery,0.71,0.11401754250991378,0.52,0.88,5,20,71,100
pick-place-v3,pulse,success,Frozen observations,0.76,0.11401754250991379,0.58,0.92,5,20,76,100
pick-place-v3,pulse,success,SCANA-R,0.68,0.08366600265340758,0.51,0.84,5,20,68,100
pick-place-v3,pulse,success,Demonstration kNN,0.23,0.0758287544405155,0.08,0.4,5,20,23,100
door-open-v3,pulse,success,Clean repeat,1.0,0.0,1.0,1.0,5,20,100,100
door-open-v3,pulse,success,Gaussian recovery,1.0,0.0,1.0,1.0,5,20,100,100
door-open-v3,pulse,success,Frozen observations,1.0,0.0,1.0,1.0,5,20,100,100
door-open-v3,pulse,success,SCANA-R,0.99,0.022360679774997918,0.94,1.0,5,20,99,100
door-open-v3,pulse,success,Demonstration kNN,1.0,0.0,1.0,1.0,5,20,100,100
drawer-open-v3,pulse,success,Clean repeat,1.0,0.0,1.0,1.0,5,20,100,100
drawer-open-v3,pulse,success,Gaussian recovery,1.0,0.0,1.0,1.0,5,20,100,100
drawer-open-v3,pulse,success,Frozen observations,1.0,0.0,1.0,1.0,5,20,100,100
drawer-open-v3,pulse,success,SCANA-R,1.0,0.0,1.0,1.0,5,20,100,100
drawer-open-v3,pulse,success,Demonstration kNN,1.0,0.0,1.0,1.0,5,20,100,100
button-press-v3,pulse,success,Clean repeat,1.0,0.0,1.0,1.0,5,20,100,100
button-press-v3,pulse,success,Gaussian recovery,1.0,0.0,1.0,1.0,5,20,100,100
button-press-v3,pulse,success,Frozen observations,1.0,0.0,1.0,1.0,5,20,100,100
button-press-v3,pulse,success,SCANA-R,1.0,0.0,1.0,1.0,5,20,100,100
button-press-v3,pulse,success,Demonstration kNN,1.0,0.0,1.0,1.0,5,20,100,100
Macro average,pulse,success,Clean repeat,0.93,0.012638125740085888,0.88,0.9716666666666667,5,20,,600
Macro average,pulse,success,Gaussian recovery,0.9116666666666668,0.03039097088135072,0.8566666666666667,0.9600416666666662,5,20,,600
Macro average,pulse,success,Frozen observations,0.9266666666666667,0.021570298509241265,0.8749999999999999,0.9716666666666666,5,20,,600
Macro average,pulse,success,SCANA-R,0.9099999999999998,0.019895560643855562,0.8616249999999999,0.9533333333333335,5,20,,600
Macro average,pulse,success,Demonstration kNN,0.655,0.017280367794439807,0.595,0.7200000000000002,5,20,,600
reach-v3,pulse,terminal_success,Clean repeat,0.72,0.04472135954999579,0.54,0.9,5,20,72,100
reach-v3,pulse,terminal_success,Gaussian recovery,0.59,0.0741619848709566,0.38,0.78,5,20,59,100
reach-v3,pulse,terminal_success,Frozen observations,0.67,0.0670820393249937,0.48,0.85,5,20,67,100
reach-v3,pulse,terminal_success,SCANA-R,0.65,0.0935414346693485,0.45,0.84,5,20,65,100
reach-v3,pulse,terminal_success,Demonstration kNN,0.34,0.041833001326703784,0.15,0.55,5,20,34,100
push-v3,pulse,terminal_success,Clean repeat,0.83,0.09082951062292476,0.66,0.96,5,20,83,100
push-v3,pulse,terminal_success,Gaussian recovery,0.83,0.1036822067666386,0.66,0.96,5,20,83,100
push-v3,pulse,terminal_success,Frozen observations,0.79,0.10839741694339398,0.62,0.93,5,20,79,100
push-v3,pulse,terminal_success,SCANA-R,0.81,0.09617692030835671,0.63,0.95,5,20,81,100
push-v3,pulse,terminal_success,Demonstration kNN,0.29,0.06519202405202647,0.12,0.48,5,20,29,100
pick-place-v3,pulse,terminal_success,Clean repeat,0.61,0.09617692030835671,0.43,0.78,5,20,61,100
pick-place-v3,pulse,terminal_success,Gaussian recovery,0.57,0.09746794344808962,0.39,0.74,5,20,57,100
pick-place-v3,pulse,terminal_success,Frozen observations,0.59,0.0821583836257749,0.42,0.76,5,20,59,100
pick-place-v3,pulse,terminal_success,SCANA-R,0.56,0.0961769203083567,0.37,0.74,5,20,56,100
pick-place-v3,pulse,terminal_success,Demonstration kNN,0.14,0.04183300132670378,0.03,0.26,5,20,14,100
door-open-v3,pulse,terminal_success,Clean repeat,0.99,0.022360679774997918,0.94,1.0,5,20,99,100
door-open-v3,pulse,terminal_success,Gaussian recovery,0.98,0.02738612787525833,0.91,1.0,5,20,98,100
door-open-v3,pulse,terminal_success,Frozen observations,0.96,0.04183300132670378,0.88,1.0,5,20,96,100
door-open-v3,pulse,terminal_success,SCANA-R,0.98,0.02738612787525833,0.92,1.0,5,20,98,100
door-open-v3,pulse,terminal_success,Demonstration kNN,1.0,0.0,1.0,1.0,5,20,100,100
drawer-open-v3,pulse,terminal_success,Clean repeat,0.94,0.08944271909999157,0.83,1.0,5,20,94,100
drawer-open-v3,pulse,terminal_success,Gaussian recovery,1.0,0.0,1.0,1.0,5,20,100,100
drawer-open-v3,pulse,terminal_success,Frozen observations,0.99,0.022360679774997918,0.94,1.0,5,20,99,100
drawer-open-v3,pulse,terminal_success,SCANA-R,0.99,0.022360679774997918,0.94,1.0,5,20,99,100
drawer-open-v3,pulse,terminal_success,Demonstration kNN,1.0,0.0,1.0,1.0,5,20,100,100
button-press-v3,pulse,terminal_success,Clean repeat,1.0,0.0,1.0,1.0,5,20,100,100
button-press-v3,pulse,terminal_success,Gaussian recovery,1.0,0.0,1.0,1.0,5,20,100,100
button-press-v3,pulse,terminal_success,Frozen observations,1.0,0.0,1.0,1.0,5,20,100,100
button-press-v3,pulse,terminal_success,SCANA-R,1.0,0.0,1.0,1.0,5,20,100,100
button-press-v3,pulse,terminal_success,Demonstration kNN,1.0,0.0,1.0,1.0,5,20,100,100
Macro average,pulse,terminal_success,Clean repeat,0.8483333333333332,0.023124061542519316,0.7966666666666665,0.9,5,20,,600
Macro average,pulse,terminal_success,Gaussian recovery,0.8283333333333331,0.03515837184954833,0.7666666666666667,0.8883333333333332,5,20,,600
Macro average,pulse,terminal_success,Frozen observations,0.8333333333333333,0.022821773229381913,0.7733333333333333,0.8916666666666667,5,20,,600
Macro average,pulse,terminal_success,SCANA-R,0.8316666666666667,0.04541475531146238,0.765,0.895,5,20,,600
Macro average,pulse,terminal_success,Demonstration kNN,0.6283333333333334,0.011180339887498971,0.575,0.6883333333333332,5,20,,600
reach-v3,pulse,post_pulse_success,Clean repeat,0.82,0.02738612787525827,0.65,0.96,5,20,82,100
reach-v3,pulse,post_pulse_success,Gaussian recovery,0.66,0.02236067977499787,0.46,0.84,5,20,66,100
reach-v3,pulse,post_pulse_success,Frozen observations,0.76,0.04183300132670382,0.57,0.93,5,20,76,100
reach-v3,pulse,post_pulse_success,SCANA-R,0.73,0.05700877125495691,0.55,0.89,5,20,73,100
reach-v3,pulse,post_pulse_success,Demonstration kNN,0.35,0.03535533905932738,0.16,0.56,5,20,35,100
push-v3,pulse,post_pulse_success,Clean repeat,0.89,0.04183300132670377,0.75,1.0,5,20,89,100
push-v3,pulse,post_pulse_success,Gaussian recovery,0.84,0.08215838362577495,0.68,0.97,5,20,84,100
push-v3,pulse,post_pulse_success,Frozen observations,0.86,0.08944271909999159,0.7,0.97,5,20,86,100
push-v3,pulse,post_pulse_success,SCANA-R,0.85,0.04999999999999999,0.7,0.97,5,20,85,100
push-v3,pulse,post_pulse_success,Demonstration kNN,0.32,0.05700877125495691,0.15,0.52,5,20,32,100
pick-place-v3,pulse,post_pulse_success,Clean repeat,0.7,0.0790569415042095,0.53,0.86,5,20,70,100
pick-place-v3,pulse,post_pulse_success,Gaussian recovery,0.68,0.12549900398011135,0.49,0.85,5,20,68,100
pick-place-v3,pulse,post_pulse_success,Frozen observations,0.74,0.11401754250991379,0.56,0.9,5,20,74,100
pick-place-v3,pulse,post_pulse_success,SCANA-R,0.64,0.0821583836257749,0.47,0.8,5,20,64,100
pick-place-v3,pulse,post_pulse_success,Demonstration kNN,0.17,0.0447213595499958,0.05,0.30024999999999635,5,20,17,100
door-open-v3,pulse,post_pulse_success,Clean repeat,1.0,0.0,1.0,1.0,5,20,100,100
door-open-v3,pulse,post_pulse_success,Gaussian recovery,1.0,0.0,1.0,1.0,5,20,100,100
door-open-v3,pulse,post_pulse_success,Frozen observations,1.0,0.0,1.0,1.0,5,20,100,100
door-open-v3,pulse,post_pulse_success,SCANA-R,0.99,0.022360679774997918,0.94,1.0,5,20,99,100
door-open-v3,pulse,post_pulse_success,Demonstration kNN,1.0,0.0,1.0,1.0,5,20,100,100
drawer-open-v3,pulse,post_pulse_success,Clean repeat,1.0,0.0,1.0,1.0,5,20,100,100
drawer-open-v3,pulse,post_pulse_success,Gaussian recovery,1.0,0.0,1.0,1.0,5,20,100,100
drawer-open-v3,pulse,post_pulse_success,Frozen observations,1.0,0.0,1.0,1.0,5,20,100,100
drawer-open-v3,pulse,post_pulse_success,SCANA-R,1.0,0.0,1.0,1.0,5,20,100,100
drawer-open-v3,pulse,post_pulse_success,Demonstration kNN,1.0,0.0,1.0,1.0,5,20,100,100
button-press-v3,pulse,post_pulse_success,Clean repeat,1.0,0.0,1.0,1.0,5,20,100,100
button-press-v3,pulse,post_pulse_success,Gaussian recovery,1.0,0.0,1.0,1.0,5,20,100,100
button-press-v3,pulse,post_pulse_success,Frozen observations,1.0,0.0,1.0,1.0,5,20,100,100
button-press-v3,pulse,post_pulse_success,SCANA-R,1.0,0.0,1.0,1.0,5,20,100,100
button-press-v3,pulse,post_pulse_success,Demonstration kNN,1.0,0.0,1.0,1.0,5,20,100,100
Macro average,pulse,post_pulse_success,Clean repeat,0.9016666666666667,0.006972166887783991,0.855,0.9466666666666668,5,20,,600
Macro average,pulse,post_pulse_success,Gaussian recovery,0.8633333333333333,0.03205897343611894,0.8066666666666665,0.9183333333333334,5,20,,600
Macro average,pulse,post_pulse_success,Frozen observations,0.8933333333333333,0.02527625148017188,0.8366666666666666,0.9466666666666665,5,20,,600
Macro average,pulse,post_pulse_success,SCANA-R,0.8683333333333333,0.025954019170662344,0.8116666666666669,0.9216666666666665,5,20,,600
Macro average,pulse,post_pulse_success,Demonstration kNN,0.64,0.014907119849998601,0.5833333333333333,0.7050000000000002,5,20,,600
